text,expected_script,caught,detected
ඔබගේ ඇණවුම සඳහා විස්තර ඇතුල් කරන්න.,sinhala,True,sinhala
කරුණාකර ඔබගේ ඇණවුම් අංකය දෙන්න.,sinhala,True,sinhala
මෙම නිෂ්පාදනයේ මිල කෙතරම්ද?,sinhala,True,sinhala
Delivery කාලය තහවුරු කරනලා දෙන්න.,sinhala,True,sinhala
ඔබගේ ඇණවුම සාර්ථකව තහවුරු වී ඇත.,sinhala,True,sinhala
ගෙවීම සාර්ථක වී ඇති බව කියන්න.,sinhala,True,sinhala
ඔබට ඇණවුම ලැබීමට අවශ්‍ය දිනය කවදාද?,sinhala,True,sinhala
මිල තොරතුරු පැහැදිලිව දක්වා ඇත.,sinhala,True,sinhala
ලිපිනය සත්‍යද කියලා බලමු.,sinhala,True,sinhala
Delivery තත්ත්වය දැන් බලමු.,sinhala,True,sinhala
ඔබේ නම සහ දුරකථන අංකය දෙන්න.,sinhala,True,sinhala
ඇණවුම තහවුරු කිරීමට කටයුතු කරනු ඇත.,sinhala,True,sinhala
බෙදාහැරීමේ ස්ථානය සනාථ කරන්න.,sinhala,True,sinhala
නිෂ්පාදන ලැයිස්තුවේ තොරතුරු බලන්න.,sinhala,True,sinhala
මෙම නිෂ්පාදනයට වට්ටම් තිබේද?,sinhala,True,sinhala
අපගේ මිල ගණන් දැක්වෙන පරිදි සටහන කරන්න.,sinhala,True,sinhala
ඔබට අමතර විකල්ප තිබේද?,sinhala,True,sinhala
ඇණවුම මඟින් යළි ඇණවුම් කළ හැකිද?,sinhala,True,sinhala
ගෙවීමේ ආකාරය තෝරාගන්න.,sinhala,True,sinhala
මුදල් ආපසු ප්‍රතිනිර්ණය සපයන්න.,sinhala,True,sinhala
Delivery ස්ථානය වෙනස් කළ හැකිද?,sinhala,True,sinhala
පහත ලිපිනයට යැවීම සාර්ථකද?,sinhala,True,sinhala
ඔබගේ පැමිණීමේ දිනය පිළිබද තහවුරු කරන්න.,sinhala,True,sinhala
අපට ඔබේ ගිණුම් තොරතුරු සුරක්ෂිතව තබා ගැනීමට අවශ්‍යයි.,sinhala,True,sinhala
දෝෂයක් වුවහොත් කරුණාකර විස්තර කරන්න.,sinhala,True,sinhala
පිරික්සුම සම්පූර්ණ කරලා අවසන් කරන්න.,sinhala,True,sinhala
පසුගිය ඇණවුම ගැන හැඟීම් කියන්න.,sinhala,True,sinhala
අප විසින් කාලසටහනක් සකසා දෙමු.,sinhala,True,sinhala
ඔබට තවත් වාසි අවශ්‍යද?,sinhala,True,sinhala
මිල ගණන් වෙනස් වන්නේ ද කියා බලමු.,sinhala,True,sinhala
ඔබගේ වට්ටම් කේතය ඇතුල් කරන්න.,sinhala,True,sinhala
මෙම ඇණවුම පිළිබඳ තොරතුරු අවශ්‍යද?,sinhala,True,sinhala
ඔබට අලුත් දත්ත ලබා දෙන්න.,sinhala,True,sinhala
ඔබේ ගිණුම සුරකින්න.,sinhala,True,sinhala
දෝෂ වාර්තාවක් තිබේද? අපට කියන්න.,sinhala,True,sinhala
ඔබට අමතර සහය අවශ්‍යද?,sinhala,True,sinhala
ඔබට අලුත් නිෂ්පාදන කියවන්න කැමතිද?,sinhala,True,sinhala
Delivery ස්ථානයට ළඟම කාලය තක්සේරු කරන්න.,sinhala,True,sinhala
ඔබේ ඇණවුමේ පැකට් තත්වය බලන්න.,sinhala,True,sinhala
මිල සංඛ්‍යාත්මක විශ්ලේෂණයට දෙන්න.,sinhala,True,sinhala
මෙම ගැටලුව තහවුරු කළ හැකිද?,sinhala,True,sinhala
අපගේ සේවාව පිළිබඳ අදහස් දන්වන්න.,sinhala,True,sinhala
ඔබගේ අඩුපාඩු සඳහා සමාවෙන්න.,sinhala,True,sinhala
ඔබට අවශ්‍ය නම් කණ්ඩායම අපට සම්බන්ධ කරන්න.,sinhala,True,sinhala
අපි ඔබට කළ කටයුතු පැහැදිලි කරන්නෙමු.,sinhala,True,sinhala
ඔබේ ගිණුම රහස්‍ය තබා ඇත.,sinhala,True,sinhala
අපගේ මිල සැලසුම් බලන්න.,sinhala,True,sinhala
අපගේ අඩවිය මඟින් ඇණවුම් කරන්න.,sinhala,True,sinhala
ඔබේ අදහස් අපට කියන්න.,sinhala,True,sinhala
වැදගත් තොරතුරු ආපසු පිළිබද අවශ්‍යම සලස්වන්න.,sinhala,True,sinhala
ඔබගේ ඇණවුම සදහා අවශ්‍ය තොරතුුරු දන්වන්න.,sinhala,True,sinhala
භාණ්ඩයේ නම සහ ප්‍රමාණය සඳහන් කරන්න.,sinhala,True,sinhala
ඔබේ නම සහ දුරකථන අංකය දෙන්න.,sinhala,True,sinhala
බෙදාහැරීම් ලිපිනය සඳහන් කරන්න.,sinhala,True,sinhala
ඇණවුම තහවුරු කිරීමට කෙටි පිළිතුරක් දෙන්න.,sinhala,True,sinhala
ගෙවීමේ ක්‍රමය තෝරන්න.,sinhala,True,sinhala
මිල සහ වට්ටම් පිළිබඳ විස්තර බලන්න.,sinhala,True,sinhala
අපගේ මෙනුව බලමින් ඔබට අවශ්‍ය භාණ්ඩ තෝරන්න.,sinhala,True,sinhala
බෙදාහැරීම් කාලය පිළිබඳ තොරතුරු ලබා දෙන්න.,sinhala,True,sinhala
ඇණවුම සැකසී ඇති බව තහවුරු කරන්න.,sinhala,True,sinhala
ඔබට නියමිත දිනයක් සහ වේලාවක් අවශ්‍යද?,sinhala,True,sinhala
ඔබේ නම සහ සම්බන්ධ අංකය දෙන්න.,sinhala,True,sinhala
අපගේ කාලසටහනට අනුව පැමිණීමට දිනයක් තෝරන්න.,sinhala,True,sinhala
පැමිණීමේ ස්ථානය කියන්න.,sinhala,True,sinhala
විශේෂ අවශ්‍යතා ඇත්තන් කරුණාකර අපට තොරතුරු දෙන්න.,sinhala,True,sinhala
අපට අවශ්‍ය තොරතුරු සම්පූර්ණ කර කාලසටහන සකස් කරන්න.,sinhala,True,sinhala
නියම කාල සැලසුම සඳහා අවශ්‍ය තොරතුරු එක් කරන්න.,sinhala,True,sinhala
පැමිණීමට පෙර අවශ්‍ය කටයුතු සැලසුම් කරන්න.,sinhala,True,sinhala
නියම වූ දිනයේ වෙනස් කිරීම් අවශ්‍ය නම් අපට කියන්න.,sinhala,True,sinhala
අපගේ සේවාවන්ට සම්බන්ධ වූ ස්ථානයට පැමිණෙන්න.,sinhala,True,sinhala
දැන් ඔබේ බෙදාහැරීම් තත්වය බලන්න.,sinhala,True,sinhala
අණවුමේ අංකය දන්වන්න.,sinhala,True,sinhala
බෙදාහැරීම් කාලසටහන කුමක්ද කියන්න.,sinhala,True,sinhala
ඉදිරි පැමිණීමේ කාලය පිළිබඳ තොරතුරු කියන්න.,sinhala,True,sinhala
ලිපිනය සත්‍යද යන්න තහවුරු කරන්න.,sinhala,True,sinhala
දුරකථන අංකය හරිම ඇතුළත් දැක්වෙනවාද?,sinhala,True,sinhala
බදු සහ ගාස්තු සම්බන්ධ තොරතුුරු කියන්න.,sinhala,True,sinhala
බෙදාහැරීමේ ස්ථානයට ගැටළුවක් තිබේද?,sinhala,True,sinhala
ගැටළුවක් ඇත්නම් කරුණාකර විස්තර කරන්න.,sinhala,True,sinhala
ඔබට තවත් ප්රශ්න තිබේද?,sinhala,True,sinhala
මෙම භාණ්ඩයේ මිල කීයද?,sinhala,True,sinhala
මිලට බද්ද ඇතුළත්ද?,sinhala,True,sinhala
වට්ටම් කූපන් හෝ කේත තිබේද?,sinhala,True,sinhala
මෙම මිල වෙනස් වූ පසු තොරතුරු කියන්න.,sinhala,True,sinhala
දිනකට මිල වෙනස්වීමක් තිබේද?,sinhala,True,sinhala
එම ඇණවුමට මුළු ගෙවීම කීයද?,sinhala,True,sinhala
තහවුරු මිල සම්බන්ධ තොරතුුරු බලන්න.,sinhala,True,sinhala
මිල වැඩිවීමක් ඇති විට දන්වන්න.,sinhala,True,sinhala
ඉදිරි මිල වෙනස්වීම් සඳහා අපි ඔබට දැනුම් දෙන්නෙමු.,sinhala,True,sinhala
මිල ලේඛනය සහිත පත්‍රයක් ලබා දෙන්න.,sinhala,True,sinhala
දෝෂයක් හමු වූ විට කරුණාකර විස්තර කරන්න.,sinhala,True,sinhala
ගැටළුව පිළිබඳ අපට තොරතුරු දෙන්න.,sinhala,True,sinhala
සේවායේ වැරැද්දක් තිබේද? කරුණාකර සවිස්තර කරන්න.,sinhala,True,sinhala
ආපසු ගෙවීම අවශ්‍ය නම් කියන්න.,sinhala,True,sinhala
ගනුදෙනුවකට සුදුසු විසඳුමක් සොයමු.,sinhala,True,sinhala
ඔබට තවත් උපකාරයක් අවශ්‍යද?,sinhala,True,sinhala
ඔබේ අදහස් අපට වැදගත්. කරුණාකර දෙන්න.,sinhala,True,sinhala
ගැටළු සම්බන්ධයෙන් අපට නැවත සම්බන්ධ වන්න.,sinhala,True,sinhala
ඔබගේ ගැටළුවට විසඳුමක් ලබා දෙන්න.,sinhala,True,sinhala
ස්තුතියි! ඔබට අපෙන් උපකාර කරනවා. නැවත සම්බන්ධ වන්න.,sinhala,True,sinhala
ඔබගේ ඇණවුම සාර්ථක ලෙස ලැබී ඇත. තහවුරු කරමු.,sinhala,True,sinhala
මෙම ඇණවුම සඳහා මිළ සහ වට්ටම් තහවුරු කරගන්න.,sinhala,True,sinhala
ඔබට අන්‍ය භාණ්ඩයක් ඇණවුමක් කිරීමට අවශ්‍යද? භාණ්ඩය සහ ප්‍රමාණය කියන්න.,sinhala,True,sinhala
ඔබගේ දුරකථන අංකය සහ ලිපිනය සත්‍යද කියන්න.,sinhala,True,sinhala
බෙදාහැරීම් තත්වය දැනගන්න අපට තොරතුරු අවශ්‍යයි.,sinhala,True,sinhala
බෙදාහැරීම් තොරතුරු සෘජු ලෙස පෙන්වා දෙන්න。,sinhala,True,sinhala
ගෙවීම් තත්ත්වය පිළිබඳ තොරතුරු සපයන්න.,sinhala,True,sinhala
මිල සහ වට්ටම් පිළිබඳ පැහැදිලි විස්තර දෙන්න.,sinhala,True,sinhala
ඔබගේ ඇණවුම සහ පැමිණිල්ලක් තිබේද? අපට කියන්න.,sinhala,True,sinhala
අපගේ සේවාවට ස්තුතියි; ඔබට කිසිදු ප්‍රශ්නයක් ඇත්ද?,sinhala,True,sinhala
අපට ගෙවීම් විකල්ප පැහැදිලිකරලා දෙන්න.,sinhala,True,sinhala
බෙදාහැරීම් ලැබීමට හිමි කාලය අද නිශ්චිතව දන්වා ඇත.,sinhala,True,sinhala
නව තොගය පැමිණෙන විට ඔබට දැනුම් දෙන්න.,sinhala,True,sinhala
දෝෂයක් හටගුනා නම් කරුණාකර විස්තර දෙන්න.,sinhala,True,sinhala
අපගේ මිල සංශෝධනය පිළිබඳ පැහැදිලි මාර්ගෝපදේශ දෙන්න.,sinhala,True,sinhala
ඔබට කාලසටහනක් වෙන්කර ගැනීමට අවශ්‍යද?,sinhala,True,sinhala
අපගේ තොරතුරු සුරක්ෂිතව ගබඩාවේ ඇත; පුද්ගලිකත්වය අපට වැදගත්ය.,sinhala,True,sinhala
"ගෙවීම් විකල්ප: මුදල්, කාඩ්පත්, ණය.",sinhala,True,sinhala
ඔබගේ බෙදාහැරීම් තොරතුරු තහවුරු කරන්න.,sinhala,True,sinhala
පැමිණිල්ලක් ලැබුණාට ස්තුතියි; අප විසඳුම් සැපයුම සලස්වනු ඇත.,sinhala,True,sinhala
ඔබගේ අයදුම්පත පිළිබඳ තහවුරු අප සෑදීම.,sinhala,True,sinhala
දුරකථන අංකය නැවත කියා දෙන්න.,sinhala,True,sinhala
බෙදාහැරීම් තත්වය දැන් කොහොමද? කාරුණිකව කියන්න.,sinhala,True,sinhala
මෙම භාණ්ඩයේ මිල ගණන්ව පැහැදිලි කරන්න.,sinhala,True,sinhala
ගාස්තුවේ විස්තර අමතරව බලන්න.,sinhala,True,sinhala
ඔබගේ ගිණුමට අදාළ නම් කියන්න; අපි යාවත්කාලින කරමු.,sinhala,True,sinhala
අපට තවත් භාණ්ඩයක් ඇණවුමට අවශ්‍යද?,sinhala,True,sinhala
දෛර්ඝ අවස්ථාවකට අපගේ කණ්ඩායම කටයුතු කරනු ඇත.,sinhala,True,sinhala
නව ලබාගැනීම සඳහා ඔබේ නම කියන්න.,sinhala,True,sinhala
ඔබට අද අන්‍ය කාලයක් තිබේද? කාරුණිකව කියන්න.,sinhala,True,sinhala
මෙම විස්තර මැනවින් සකසන අතර මට සලස්වන කටයුතු දන්වා දෙනු.,sinhala,True,sinhala
අපගේ වෙබ් අඩවියේ මිල නීති අවධාරණය කරන්න.,sinhala,True,sinhala
ඔබට අවශ්‍ය නම් අපි ඔබට කාලය තහවුරු කළ හැක.,sinhala,True,sinhala
ඔබගේ පැමිණීමේ ස්ථානය දැන්ම සටහන් කරන්න.,sinhala,True,sinhala
අපේ සේවාවන්ට ඔබේ අදහස් ඉතිරි කරන්න.,sinhala,True,sinhala
බලන්න වෙළඳ දැන්විම් ගැන විස්තර හා අදාළ මිල.,sinhala,True,sinhala
ඔබගේ කාරුණික තොරතුරු අපට සුරක්ෂිතව තබාගන්නවා.,sinhala,True,sinhala
අපට ඔබේ දුරකථන අංකය නැවත සටහන් කරන්න.,sinhala,True,sinhala
තොරතුරු ලබා දීමට අපට අවශ්‍ය විස්තර කියන්න.,sinhala,True,sinhala
අපගේ ගෙවීම් ක්‍රම ගැන ඔබට පැහැදිලි කරන්න.,sinhala,True,sinhala
ස්ථානයට අනුව භාණ්ඩ ලබාගැනීමේ ක්‍රමය වෙනස් විය හැක.,sinhala,True,sinhala
ඔබට අදහස් නැත්නම් අපට දන්වන්න; අපි මගපෙන්වමු.,sinhala,True,sinhala
ඔබගේ සටහනට අදාළ විකල්ප දෙන්න.,sinhala,True,sinhala
දෝෂයකට කණස්සල්ල ඇතිවා නම් අපට කුමක් කළ යුතුද?,sinhala,True,sinhala
යුනික් සමාගමේ වාසස්ථාන ගැන තොරතුරු සපයන්න.,sinhala,True,sinhala
පහසු කාලයක් සලස්වීමට අපට ඔබේ දුරකථන අංකය වැදගත්ය.,sinhala,True,sinhala
අපගේ කාලසටහනට අනුග්‍රහයෙන් කතා කරන්න.,sinhala,True,sinhala
ඔබට අපෙන් ලබාගත හැකි වැඩිදුර දත්ත මෙන්න.,sinhala,True,sinhala
ඔබගේ සාමාන්‍ය ගනුදෙනුව පිළිබඳ අදහසක් දෙන්න.,sinhala,True,sinhala
දුරකථන අංකය සහ ලිපිනය නැවත සටහන් කරන්න.,sinhala,True,sinhala
ඔබගේ ඇණවුම සාර්ථකව තහවුරුවී ඇත.,sinhala,True,sinhala
කරුණාකර ඇණවුම අංකය සහ භාණ්ඩය සඳහන් කරන්න.,sinhala,True,sinhala
ඔබේ ඇණවුම පිළිබඳ තොරතුරු සොයමින් සිටිමු.,sinhala,True,sinhala
දැනට ඔබගේ විස්තර සපයන්න.,sinhala,True,sinhala
මෙම භාණ්ඩයේ වර්තමාන මිල බලන්න.,sinhala,True,sinhala
මුළු මිලය සහ ගෙවීම් ක්‍රමය පැහැදිලි කරන්න.,sinhala,True,sinhala
ඔබට ඇණවුම සම්පුර්ණ කිරීමට සහය අවශ්‍යද?,sinhala,True,sinhala
ඇණවුම වෙනස් කිරීමට අවශ්‍ය නම් කියන්න.,sinhala,True,sinhala
ඇණවුම අහෝසි කිරීමට අවශ්‍යද? තහවුරු කරන්න.,sinhala,True,sinhala
බෙදාහැරීම් තත්වය සටහන් කරමු.,sinhala,True,sinhala
බෙදාහැරීම් අංකය මෙහි ඇතුළත් කරන්න.,sinhala,True,sinhala
බෙදාහැරීම් තත්වය අද දැනගන්න.,sinhala,True,sinhala
ට්‍රැක් කිරීමේ තත්වය දැනගන්න.,sinhala,True,sinhala
ඔබගේ නිෂ්පාදන පිළිබඳ විස්තර ලබා දෙන්න.,sinhala,True,sinhala
මෙම බෙදාහැරීම සඳහා අනුමාන කාලය සඳහන් කර ඇත.,sinhala,True,sinhala
මෙම වට්ටම් කේතය ක්‍රියාත්මකද?,sinhala,True,sinhala
මිල දත්ත සහ වට්ටම් පිළිබඳ තොරතුරුදක්වන්න.,sinhala,True,sinhala
ඔබගේ ගිණුමට අදාළු විස්තර ලබා දෙන්න.,sinhala,True,sinhala
ප්‍රශ්නයක් ඇත්නම් අපට කියන්න.,sinhala,True,sinhala
ගැටළුයක් ඇති නම් අප විසින් විසඳුම් සපයමු.,sinhala,True,sinhala
ඔබේ ඇණවුම නිවැරදි සහයෝගයෙන් සපයනු ඇත.,sinhala,True,sinhala
සිතිවිම් හා නිෂ්පාදන තොරතුරු සපයන්න.,sinhala,True,sinhala
ගබඩා තොරතුරු ඔබ දැනගන්නා ලෙස සලස්වමු.,sinhala,True,sinhala
භාරදීමේ දිනය සහ වේලාව තහවුරු කරන්න.,sinhala,True,sinhala
අපගේ සේවා කාලසටහන ඔබට සපයනු ඇත.,sinhala,True,sinhala
ඔබේ භාණ්ඩ වහාම බෙදාහැරේ.,sinhala,True,sinhala
නුසුදුසු භාණ්ඩ ලැබී ඇති බව පරීක්ෂා කරන්න.,sinhala,True,sinhala
ඔබට සහය වීමට අපි සිටිනමු.,sinhala,True,sinhala
කරුණාකර අවශ්‍ය විස්තර පහසු ලෙස සඳහන් කරන්න.,sinhala,True,sinhala
ගෙවීම් ක්‍රමය තෝරන්න සහ සකසන්න.,sinhala,True,sinhala
ජාතික අංකය සහ ජංගම අංකය සත්‍ය කරන්න.,sinhala,True,sinhala
මිල සහ බද්ද පිළිබඳ සවිස්තර සඳහන් කරන්න.,sinhala,True,sinhala
ඔබේ අපේක්ෂිත දිනය සඳහන් කරන්න.,sinhala,True,sinhala
අදාළ දිනට ඉල්ලුම තහවුරු කිරීම සඳහා විස්තර පිරවන්න.,sinhala,True,sinhala
ඔබට අවශ්‍ය සේවා වර්ගය තෝරන්න.,sinhala,True,sinhala
භාරදීමේ ස්ථානය සඳහන් කරන්න。,sinhala,True,sinhala
ඔබගේ ගිණුමේ දත්ත සුරක්ෂිතව තබා ගැනීමට කටයුතු කරනවා.,sinhala,True,sinhala
අපගේ නව නිෂ්පාදන පිළිබඳ දැනගන්න.,sinhala,True,sinhala
ඔබේ ගමන් සැලසුම සකස් කරමු。,sinhala,True,sinhala
ඇණවුම තහවුරු කේතය සමඟ සකසන්න。,sinhala,True,sinhala
ගෙවීම් තත්ත්වය මැනගන්න。,sinhala,True,sinhala
දෝෂ වාර්තාවක් තිබේද? කරුණාකර පැහැදිලි කරන්න。,sinhala,True,sinhala
කෙටි කේතයක් තිබේද? එය කුමක්ද කියන්න。,sinhala,True,sinhala
දැනට ඇති ප්‍රමාදයන් පිළිබඳ අපට කියන්න。,sinhala,True,sinhala
වඩාත් වේගයෙන් පැමිණීමට අපි සැලසුම් කරන්න。,sinhala,True,sinhala
ඔබට අවශ්‍ය වෙනස්කම් දැන් කරන්න.,sinhala,True,sinhala
ඔබගේ තොරතුරු පළමු භාවිතයට සුරක්ෂිත කරගන්න.,sinhala,True,sinhala
මෙම ගනුදෙනුවට ස්තුතියි.,sinhala,True,sinhala
වෙළඳපොළ තොරතුරු සාර්ථකව රැස් වී ඇත。,sinhala,True,sinhala
ඔබට ඕනෑම උදව් අවශ්‍ය නම් අපට කියන්න。,sinhala,True,sinhala
ඔබගේ ඇණවුම පිළිබඳ විස්තර එවන්න.,sinhala,True,sinhala
"භාණ්ඩයේ නම, ප්‍රමාණය සහ පැකට් තෝරන්න.",sinhala,True,sinhala
දිනය සහ වේලාව තහවුරු කරන්න.,sinhala,True,sinhala
ගෙවීමේ ක්‍රමය තෝරා ගන්න.,sinhala,True,sinhala
බෙදාහැරීමේ ලිපිනය සකස් කරන්න.,sinhala,True,sinhala
දුරකථන අංකය සහ ඊමේල් ලිපිනය සනාථ කරන්න.,sinhala,True,sinhala
අමතර ගාස්තු තිබේද කියන්න.,sinhala,True,sinhala
මෙම භාණ්ඩයේ මිළ කීයද කියා දෙන්න.,sinhala,True,sinhala
වත්ටම් කූපන් තිබේද කියන්න.,sinhala,True,sinhala
අපට ඇණවුම ස්ථාපනයට සිදු වේද කියලා කියන්න.,sinhala,True,sinhala
ඔබට අදටම ඇණවුම අවශ්‍යද?,sinhala,True,sinhala
දිනය සහ වේලාව සඳහා තහවුරු කරන්න.,sinhala,True,sinhala
ඔන්ලයින් ඇණවුම් සඳහා විස්තර එක් කරන්න.,sinhala,True,sinhala
බෙදාහැරීමේ ETA කාලය දන්වනවා.,sinhala,True,sinhala
බෙදාහැරීමේ තත්වය දැක්වෙනවා.,sinhala,True,sinhala
ගෙවීම සාර්ථකද කියන්න.,sinhala,True,sinhala
ගෙවීමේ ක්‍රමය වෙනස් කරනවාද?,sinhala,True,sinhala
අපගේ ආපසු ප්‍රතිපත්තිය පිළිබද කියන්න.,sinhala,True,sinhala
දෝෂයක් පවතිනවා නම් පවසන්න.,sinhala,True,sinhala
ඔබේ ලිපිනය වැරදි නම් නව ලිපිනය ලබා දෙන්න.,sinhala,True,sinhala
ඔබේ ගිණුමට පිවිසෙන්න.,sinhala,True,sinhala
තවත් ගැටලු ඇතිනම් කියන්න.,sinhala,True,sinhala
මිල සම්බන්ධයෙන් වැඩි විස්තර අවශ්‍යද?,sinhala,True,sinhala
මෙම මිල විකාශනය ස්ථාවරද?,sinhala,True,sinhala
අපෙන් ලබා ගත හැකි අතිරේක සේවා කිහිපයක් කියන්න.,sinhala,True,sinhala
දෝෂ කටයුතු සලකා බලමින් නව පියවරයක් ගන්න.,sinhala,True,sinhala
අපගේ සේවාවන් පිළිබඳ අදහස් සපයන්න.,sinhala,True,sinhala
ඇණවුම අවසන් වූ පසු ඔබට සටහනක් දෙනු ඇත.,sinhala,True,sinhala
ඔබේ ගිණුමේ පහසුකම් සවිකොට බලන්න.,sinhala,True,sinhala
ඔබට අවශ්‍ය අතිරේක භාණ්ඩ කියන්න.,sinhala,True,sinhala
අපගේ සේවාව තහවුරු කරන්න.,sinhala,True,sinhala
එක්මන්න නම් කාලය කියන්න.,sinhala,True,sinhala
ඔබගේ ප්‍රශ්නයට පිළිතුරු ඉක්මනින් දෙනුම්.,sinhala,True,sinhala
ඔබගේ ගැටළු සම්බන්ධයෙන් වැඩි විස්තර දෙන්න.,sinhala,True,sinhala
ඔබගේ ගැටළු සම්බන්ද්‍යයෙන් අදහස් ලබා දෙන්න.,sinhala,True,sinhala
ඔබට අවශ්‍ය නම් කාලසටහන වෙනස් කරන්න.,sinhala,True,sinhala
දෝෂයක් සිදු වූ විට කාරුණිකව මට කියන්න.,sinhala,True,sinhala
ගොඩනැගිල්ලේ ලිපිනය හරිද යන්න සනාථ කරන්න.,sinhala,True,sinhala
දත්ත අලුත් කිරීම අවශ්‍යද?,sinhala,True,sinhala
අපගේ සම්බන්ධතා අංකය පහතින් ඇත.,sinhala,True,sinhala
ඔබට අමතර දැනුම අවශ්‍යද?,sinhala,True,sinhala
ඔබගේ අයදුම පිළිබඳ තොරතුරු මට වාර්තා කරන්න.,sinhala,True,sinhala
භාණ්ඩ සපයන කාර්ය මණ්ඩලය පිලිබඳ අපට ඔබේ අදහස පවසන්න.,sinhala,True,sinhala
ගෙවා දීමට ගැටළුවක් ඇත්නම් අපට කියන්න.,sinhala,True,sinhala
අපගේ සේවාවන්ට ස්තුතියි.,sinhala,True,sinhala
ඔබට සංචාරය සඳහා ආපසු පැමිණෙනවාද?,sinhala,True,sinhala
අපි ඔබට වීදි මගින් මාර්ගෝපදේශ දෙනවා.,sinhala,True,sinhala
ඔබේ අයදුම්පත පිළිබඳ තොරතුරු සකස් කරමු.,sinhala,True,sinhala
භාණ්ඩ සපයනවාට අදාළ ගැටලු පවසන්න.,sinhala,True,sinhala
ගෙවීම් සහ කටයුතු සඳහා අපට අවශ්‍ය දත්ත සපයන්න.,sinhala,True,sinhala
ඔබට අවශ්‍ය භාණ්ඩ ඇණවුම් කරන්න.,sinhala,True,sinhala
භාණ්ඩය සහ ප්‍රමාණය සඳහන් කරන්න.,sinhala,True,sinhala
ලිපිනය සහ දුරකථන අංකය දෙන්න.,sinhala,True,sinhala
ගෙවීමේ ක්‍රමය තෝරන්න.,sinhala,True,sinhala
ඇණවුම තහවුරු කිරීමට අවශ්‍ය තොරතුුරු සපයන්න.,sinhala,True,sinhala
මිල සහ වට්ටම් පිළිබඳ තොරතුරු පහළින් ලබා දෙන්න.,sinhala,True,sinhala
බාරදීමේ දිනය කියා දෙන්න.,sinhala,True,sinhala
බාරදීමේ ස්ථානය සඳහන් කරන්න.,sinhala,True,sinhala
බාරදීමේ කාලය අප විසින් තහවුරු කරනු ඇත.,sinhala,True,sinhala
ඇණවුම සාර්ථකව සැකසී ඇත. තහවුරු පණිවිඩය ලැබේද?,sinhala,True,sinhala
සේවා කාලසටහන පෙන්වන්න.,sinhala,True,sinhala
"දිනක් තෝරන්න, වේලාවක් ඉල්ලන්න.",sinhala,True,sinhala
ඔබේ නම සමඟ සම්බන්ධ අංකය දෙන්න.,sinhala,True,sinhala
අපගේ කාර්ය මණ්ඩලය තහවුරු කරන්න.,sinhala,True,sinhala
පහසු ස්ථානය තෝරන්න.,sinhala,True,sinhala
ඔබගේ පැමිණීමේ අයුතු වේලාව කියන්න.,sinhala,True,sinhala
අපට අවශ්‍ය තොරතුරු සකස්කර දෙන්න.,sinhala,True,sinhala
ඔබගේ පැමිණීම සඳහා ස්ථානය සකස් කරන්න.,sinhala,True,sinhala
අපගේ සේවාවට අමතර යෝජනා තිබේද කියා බලන්න.,sinhala,True,sinhala
කාලසටහන සටහන් කිරීමට අපට කතා කරන්න.,sinhala,True,sinhala
ඔබගේ බෙදාහැරීම ස්ථානයට පැමිණ තිබේද කියා බලමු.,sinhala,True,sinhala
දුරස්ථ සැපයුම පිළිබඳ තොරතුරු දෙන්න.,sinhala,True,sinhala
බෙදාහැරීමේ තොරතුුරු නවතම බවට වැටහෙනවාදැයි බලමු.,sinhala,True,sinhala
බෙදාහැරීමේ අඩුපාඩු තිබේ නම් දැන්ම දන්වන්න.,sinhala,True,sinhala
මෙම භාණ්ඩය සඳහා මිල සහ වට්ටම් සැලැස්වී තිබේද?,sinhala,True,sinhala
මිල ගණනය සහ වට්ටම් පෙන්වා දෙන්න.,sinhala,True,sinhala
මුළු ගාස්තුව පිළිබඳ පැහැදිලි කිරීම් දෙන්න.,sinhala,True,sinhala
විකල්ප මිල සහ ගෙවීමේ තත්ත්වය කියා දෙන්න.,sinhala,True,sinhala
ගෙවීමේ ක්‍රමය සාර්ථක වන්නේද කියා බලමු.,sinhala,True,sinhala
අවසන් ගිණුම තහවුරු කරන්න.,sinhala,True,sinhala
මෙම භාණ්ඩයේ සැබෑ මිල කීයද?,sinhala,True,sinhala
වට්ටම සහ කේෂ්ත්‍ර මිලය පිළිබඳ විස්තර දෙන්න.,sinhala,True,sinhala
බද්ද සහ බෙදාහැරීම් ගාස්තු කිසිදු අමතරද?,sinhala,True,sinhala
මුළු මිල ගණන් තහවුරු කර දෙන්න.,sinhala,True,sinhala
මෙම ගනුදෙනුවට අමතර ගාස්තු තිබේද?,sinhala,True,sinhala
ඔබගේ පැමිණිල්ලක් තිබේ නම් ඒකාබද්ධ වාර්තා කරන්න.,sinhala,True,sinhala
දෝෂයක් සොයා ගැනීම සඳහා කරුණාකර තොරතුරු සපයන්න.,sinhala,True,sinhala
පැමිණිල්ලට විෂය සැලැස්වී පිළිතුරක් ලැබෙනවා.,sinhala,True,sinhala
අපට ඔබේ පැමිණිල්ල සම්පූර්ණ කරන්නට අවශ්‍ය තොරතුුරු දෙන්න.,sinhala,True,sinhala
පිළිතුරක් නොලැබේ නම් අපට මෙයට අමතන්න.,sinhala,True,sinhala
ඔබගේ ගනුදෙනුව සාර්ථක බවට තහවුරු කරන්න.,sinhala,True,sinhala
ඔබට අමතර සහය අවශ්‍යද කියන්න.,sinhala,True,sinhala
ඔබගේ අදහස් අපට ඉතා වැදගත්යි.,sinhala,True,sinhala
අපගේ සේවාව ගැන ඔබට කෘත්‍යයක් තිබේද?,sinhala,True,sinhala
ඔබට සමාවීමට අවශ්‍ය නම් කාරුණිකව කියන්න.,sinhala,True,sinhala
රහස්‍ය තොරතුරු ආරක්ෂාකෙරේ බවට තහවුරු කරන්න.,sinhala,True,sinhala
ඔබේ තොරතුරු අප සුරක්ෂිත ලෙස සුරකිමු.,sinhala,True,sinhala
තවත් ගැටලු තිබේද? කාරුණිකව කියන්න.,sinhala,True,sinhala
ඔබට පහසු සම්බන්ධතා මාර්ග දැක්වන්න.,sinhala,True,sinhala
සුභ දවසක්! ඔබට අවශ්‍ය තවත් කටයුතු තිබේද?,sinhala,True,sinhala
ඔබට කුමන නිෂ්පාදනය අවශ්‍යද?,sinhala,True,sinhala
ඇණවුමේ ප්‍රමාණය සහ වර්ගය සඳහන් කරන්න.,sinhala,True,sinhala
ඔබගේ නම සහ දුරකථන අංකය දෙන්න.,sinhala,True,sinhala
ලිපිනය සහ බෙදාහැරීමේ වේලාව තහවුරු කරන්න.,sinhala,True,sinhala
ගෙවීමේ ක්‍රමය තෝරන්න.,sinhala,True,sinhala
අපි ඔබගේ ඇණවුම තහවුරු කරනවා.,sinhala,True,sinhala
නිෂ්පාදන මිල සහ වට්ටම් පෙන්වනවා.,sinhala,True,sinhala
පැමිණීමේ ස්ථානය තහවුරු කරන්න.,sinhala,True,sinhala
ඔබට අමතර අවශ්‍යතා තිබේද?,sinhala,True,sinhala
ඇණවුම සඳහා අදාළ කාලය තෝරන්න.,sinhala,True,sinhala
මිල වෙනසක් තිබේ නම් කියන්න.,sinhala,True,sinhala
අපගේ වෙබ්අඩවියෙන් මිල බලන්න.,sinhala,True,sinhala
නිශ්පාදන විස්තර අන්තර්ගත කරන්න.,sinhala,True,sinhala
නිෂ්පාදනය පිළිබද වැඩි විස්තර ලැබෙනවා.,sinhala,True,sinhala
මෙම නිෂ්පාදනයේ මුල් මිල රුපියල් ගණනයි.,sinhala,True,sinhala
ඔබගේ ගිණුමට සම්බන්ධ වී සිටීද?,sinhala,True,sinhala
ඔබට පැමිණීමේ පෙරනිමැදීමේ තොරතුරු දෙන්න.,sinhala,True,sinhala
බැගැනීම් පිළිබඳ ගැටළු අපට කියන්න.,sinhala,True,sinhala
අපගේ සේවාව පිළිබඳ පැමිණිලි කරන්න.,sinhala,True,sinhala
ඔබගේ ඇණවුම සාර්ථක වීමට අපගේ සහය අවශ්‍යද?,sinhala,True,sinhala
දුරස්ථ සේවා භාවිතය සම්බන්ධ ගැටළුවක් තිබේද?,sinhala,True,sinhala
ගැටළුවක් ඇත්තේ නම් සම්පූර්ණ විස්තර දෙන්න.,sinhala,True,sinhala
ඔබේ ගිණුමේ තොරතුරු වෙනස් කරනවාද?,sinhala,True,sinhala
පසුගැන්වීම් තත්වය නැවත පරීක්ෂා කරන්න.,sinhala,True,sinhala
ඔබට අදාළ අලුත් අවස්ථා තිබේද?,sinhala,True,sinhala
අපට ඔබේ සත්‍ය තොරතුරු ලබා දෙන්න.,sinhala,True,sinhala
ඇණවුම නැවත සකස් කිරීමට අවශ්‍යද?,sinhala,True,sinhala
ගෙවීම් තහවුරු කිරීම සාර්ථකය කළාද කියන්න.,sinhala,True,sinhala
ඔබට අලුත් පැකේජයක් අවශ්‍යද?,sinhala,True,sinhala
අපගේ සේවා කාලය බලන්න.,sinhala,True,sinhala
ඔබේ පැමිණීමේ දිනය සඳහන් කරන්න.,sinhala,True,sinhala
"වේලාව තෝරන්න: උදෑසන, දවල්, රාත්‍රී.",sinhala,True,sinhala
මුදල් ආපසු කිරීම් පිළිබඳ නීතිය කියන්න.,sinhala,True,sinhala
ඇණවුමේ අදාළ බැඳීම් ඇතනම් කියන්න.,sinhala,True,sinhala
ප්‍රායෝගික උපදෙස් ලබා දෙන්න.,sinhala,True,sinhala
අපගේ ප්‍රධාන භාණ්ඩ ගණනක් අඩංගුද?,sinhala,True,sinhala
පෙරනිමැදීම තහවුරු කරන්න.,sinhala,True,sinhala
අපි ඔබට දැනුවත් කරන්නෙමු.,sinhala,True,sinhala
ගබඩා තොග පිරික්සා සිටිනවා.,sinhala,True,sinhala
මෙම ගැටළුවට වගකීමක් තිබේද?,sinhala,True,sinhala
අපේ සේවාව ගැන ප්‍රතිචාර දෙන්න.,sinhala,True,sinhala
ඔබට වැඩිදුර ඕනෑම උදව් අවශ්‍යද?,sinhala,True,sinhala
පුනර් ඇණවුමක් අවශ්‍ය නම් කියන්න.,sinhala,True,sinhala
අපට ඔබට සම්බන්ධ වීමට අවශ්‍ය ද?,sinhala,True,sinhala
ගෙවීම් අවසන් වීම සාර්ථකයි කියන්න.,sinhala,True,sinhala
මිල ගණන් සහිත වාර්තාව ලබා දෙන්න.,sinhala,True,sinhala
ඔබගේ ඇණවුම අඩු කිරීමට අවශ්‍යද?,sinhala,True,sinhala
දෙදෙනෙකුට පැමිණීමට අවශ්‍යද?,sinhala,True,sinhala
ඔබගේ ගැටළුට සමත් පිළිතුරක් දෙමු.,sinhala,True,sinhala
තවත් කිසිවක් අවශ්‍යද? අපට කියන්න.,sinhala,True,sinhala
ඔබගේ ඇණවුම සාර්ථක විය. තහවුරු කරනු ලැබේ.,sinhala,True,sinhala
කරුණාකර ඇණවුම් අංකය සහ තහවුරු කේතය සඳහන් කරන්න.,sinhala,True,sinhala
ඔබගේ ඇණවුම පිළිබඳ තොරතුරු අප වෙතින් සපයනු ඇත.,sinhala,True,sinhala
මිල තොරතුරු ලබා ගැනීමට කරුණාකර අපට කියන්න.,sinhala,True,sinhala
ඔබේ ගෙවීම් විකල්ප රීතිය මගින් කළහැක.,sinhala,True,sinhala
"දුරකථන අංකය තහවුරු කරන්න, කරුණාකර නැවත ලියා දෙන්න.",sinhala,True,sinhala
නව ඇණවුමක් ලබා ගැනීමට සුළු කාලයක් සඳහන් කරන්න.,sinhala,True,sinhala
ඔබට වෙන්කරගත අදාළ අක්තපත්‍ර ලබා දෙන්න.,sinhala,True,sinhala
පැමිණීමට අපට මාර්ග පිළිබඳ තොරතුරු අවශ්‍යයි.,sinhala,True,sinhala
දෝෂයක් තිබේ නම් අපට දන්වන්න.,sinhala,True,sinhala
ඔබේ ඇණවුම දැනට ගනුදෙනු ක්‍රියාත්මකයි.,sinhala,True,sinhala
මිල සැකසුම පැහැදිලිව දක්වා තිබේද?,sinhala,True,sinhala
වගකීම සහ රැකවරණ වැඩපිළිවෙළ පිළිබඳ ප්‍රශ්න තිබේද?,sinhala,True,sinhala
භාණ්ඩයක් ගබඩාවේ තබා ඇත. විස්තර වෙත යාමට කටයුතු කරන්න.,sinhala,True,sinhala
ඇණවුමට යාවත්කාලීන තොරතුරු ලැබුණි. බලන්න.,sinhala,True,sinhala
ඔබට එය ඇතුළත් කිරීමට අවශ්‍ය නම් අවස්ථා ඇත.,sinhala,True,sinhala
අපේ සේවා කණ්ඩායම ඊට පිළිතුර දෙයි.,sinhala,True,sinhala
දින කාලය සමඟ බෙදාහැරීමේ තොරතුරු ඇත.,sinhala,True,sinhala
කාලසීමාවක් තිබේද? දන්වා දෙන්න.,sinhala,True,sinhala
ඔබගේ වෙන්කරගත් දුරකථන අංකය නිවැරදිද?,sinhala,True,sinhala
ගෙවීම් පිළිබඳ තහවුරු අපට ලැබී ඇත.,sinhala,True,sinhala
අමතර අයිතම සඳහා කරුණාකර පිළිතුරු දෙන්න.,sinhala,True,sinhala
ඔබගේ බලපත්‍රය තහවුරු කිරීමට අපට අවශ්‍ය තොරතුරු ලබා දෙන්න.,sinhala,True,sinhala
ඇණවුම තවත් දුරටත් තහවුරු කිරීම අවශ්‍යයි.,sinhala,True,sinhala
බෙදාහැරීම සඳහා අපගේ මාර්ගය සකස් කර ඇත.,sinhala,True,sinhala
භාණ්ඩයේ තත්වය පිළිබඳ පැමිණීමේ දෝෂයක් ඇතිවාද?,sinhala,True,sinhala
අපි ඔබට අවශ්‍ය උපකාරය ලබා දෙමු.,sinhala,True,sinhala
ඇණවුම් තොරතුරු නැවත සපයන්න.,sinhala,True,sinhala
ද්‍රව්‍ය මිල ගණන් පිළිබඳ පැහැදිලි කිරීමක් අවශ්‍යද?,sinhala,True,sinhala
ඔබේ ඇණවුම ක්ෂණිකව පිළිගන්නා කටයුතු අපි සූදානම්.,sinhala,True,sinhala
ඇණවුම් ස්ථානය සහ මිල වෙනස්ද?,sinhala,True,sinhala
විස්තර ලබා ගැනීමට අපේ කාර්ය මණ්ඩලය සම්බන්ධ වෙයි.,sinhala,True,sinhala
ගෙවීමේ අවසන් දිනය කුමක්ද?,sinhala,True,sinhala
අන්තර්ජාල ඇණවුමට පිවිසීමට පහසුකම් සපයනු ලබේ.,sinhala,True,sinhala
ගනුදෙනු සිදුකිරීම සඳහා අවශ්‍ය ලිපි පින්තූර ඇත.,sinhala,True,sinhala
වේගයෙන් පිළිතුරු දීමට අපි කටයුතු කරනවා.,sinhala,True,sinhala
ඔබගේ අවශ්‍යතා සපුරාලීමට අප විසින් නව ක්‍රමවේදයක් ක්‍රියාත්මක කරනවා.,sinhala,True,sinhala
ගබඩාවෙන් ගෙනහැරීමේ තොරතුරු සැනසිල්ලක් දෙනවා.,sinhala,True,sinhala
අන්තර්ජාල දෝෂයක් තිබේ නම් අපට දන්වන්න.,sinhala,True,sinhala
ඔබගේ ගබඩා සැපයුම සවිස්තර කරනවා.,sinhala,True,sinhala
ඔබට අවශ්‍ය සේවාව කාලය තෝරන්න.,sinhala,True,sinhala
අපගේ ප්‍රතිචාර වේගය ඉහළ තබා ගැනීමට කටයුතු කරනවා.,sinhala,True,sinhala
අලෙවි වාරය සඳහා අදහස් ප්‍රමාණය සඳහන් කරන්න.,sinhala,True,sinhala
ඔබේ පසුබැසි ප්‍රශ්නයට සේවාවක් ලබා දෙන්න.,sinhala,True,sinhala
අපගේ බිල පටිපාටිය පැහැදිලිව දැක්වෙයි.,sinhala,True,sinhala
"ගෙවීම් පිළිබඳ මාර්ගෝපදේශ අපගේ වෙබ්අඩවියේ තියේ, බලන්න.",sinhala,True,sinhala
පැමිණීමේ දිනය සහ පැමිනීමේ කාලය තහවුරු කරන්න.,sinhala,True,sinhala
උදව් අවශ්‍යද? අපි සූදානම්.,sinhala,True,sinhala
අපගේ සේවාවන් සඳහා ඔබේ අදහස් ඉතා වැදගත්වේ.,sinhala,True,sinhala
ඔබට තවත් කිසිදු මගපෙන්වීම් අවශ්‍යද කියන්න.,sinhala,True,sinhala
ඔබගේ ඇණවුම පිළිබඳ තොරතුරු අපට අවශ්‍යයි.,sinhala,True,sinhala
කරුණාකර භාණ්ඩයේ නම සහ ප්‍රමාණය සඳහන් කරන්න.,sinhala,True,sinhala
ලිපිනය සහ දුරකථන අංකය සත්‍යද කියා බලන්න.,sinhala,True,sinhala
අණවුම තහවුරු වී ඇත.,sinhala,True,sinhala
ගෙවීම සඳහා පහසු ක්‍රමයක් තෝරන්න.,sinhala,True,sinhala
ගෙවීම සම්පූර්ණ වූ විට තහවුරු දැනුම් දෙන්න.,sinhala,True,sinhala
බෙදාහැරීමේ දිනය තෝරන්න.,sinhala,True,sinhala
බෙදාහැරීම් තත්වය පරීක්ෂා කරන්න.,sinhala,True,sinhala
ඔබට වට්ටම් තිබේ නම් සඳහන් කරන්න.,sinhala,True,sinhala
මිල තොරතුරු පහතින් සපයනු ඇත.,sinhala,True,sinhala
මෙම භාණ්ඩයේ මූලික මිල රුපියලින් සඳහන් වේ.,sinhala,True,sinhala
මිලට අමතර ගාස්තු තිබේද කියා බලන්න.,sinhala,True,sinhala
බදු සහ අමතර ගෙවීම් මිලට ඇතුළත්ද කියන්න.,sinhala,True,sinhala
පැමිණිල්ලක් තිබේද කියා දෙන්න.,sinhala,True,sinhala
ගැටළු දක්වන විට අපට පැමිණිල්ල සලකා බලමු.,sinhala,True,sinhala
අපගේ සේවකයෙකු ඔබට උදව් කරනවා.,sinhala,True,sinhala
ඔබගේ අවශ්‍යතාවය පැහැදිලි කරන්න.,sinhala,True,sinhala
අලුත් ඇණවුමක් කිරීමට අවශ්‍යද කියන්න.,sinhala,True,sinhala
දිනය සහ වේලාව සඳහන් කරන්න.,sinhala,True,sinhala
ඔබේ අපේක්ෂා මට කියන්න.,sinhala,True,sinhala
අපගේ සේවා කාලය පැවැත්මෙන් හොඳ ද?,sinhala,True,sinhala
බෙදාහැරීම් ස්ථානය වෙනස් කිරීමට අවශ්‍ය වුවහොත් කියන්න.,sinhala,True,sinhala
මට ඔබේ ගිණුම සටහන්ගත තොරතුරු දෙන්න.,sinhala,True,sinhala
අපට සපයිය හැකි වෙනත් සේවා ගැන විමසන්න.,sinhala,True,sinhala
ලිපිනයේ වින්‍යාසය සහතික කරන්න.,sinhala,True,sinhala
මිල ගණන් පිළිබඳ වැඩි විස්තර අවශ්‍යද?,sinhala,True,sinhala
මිල ගණන් පිළිබඳ තොරතුරු පැවසිය හැකිද?,sinhala,True,sinhala
භාණ්ඩයේ පැකේජය සම්පූර්ණ ලෙස පෙන්වන්න.,sinhala,True,sinhala
සමාන භාණ්ඩ වෙනත් මාදිලි තිබේද කියන්න.,sinhala,True,sinhala
අවශ්‍ය නම් අලුත් ඇණවුමක් කිරීමට කටයුතු කරන්න.,sinhala,True,sinhala
බෙදාහැරීම් කාලය කෙටි කළ හැකිද?,sinhala,True,sinhala
මිල ගණන් පිළිබඳ වාරික ගණනයක් දක්වන්න.,sinhala,True,sinhala
ගෙවීම් පිළිබඳ සංකූල තොරතුරු දන්වන්න.,sinhala,True,sinhala
පැමිණිලි සම්බන්ධ අපගේ කණ්ඩායම කටයුතු කරයි.,sinhala,True,sinhala
ඔබේ අයදුම්පත තහවුරු වී ඇතද කියන්න.,sinhala,True,sinhala
අපගේ දත්ත ආරක්ෂා කිරීමට කටයුතු කරනවාද?,sinhala,True,sinhala
අලුත් මිලයන් තහවුරු කිරීමට අපට අවස්ථාව දක්වන්න.,sinhala,True,sinhala
ඔබට අවශ්‍ය නම් අලුත් භාණ්ඩ පෙන්වන්න.,sinhala,True,sinhala
ඔබේ ඇණවුම සඳහා අවශ්‍ය කාලය සඳහන් කරන්න.,sinhala,True,sinhala
දුරකථන පණිවිඩ මගින් තහවුරු ලබා දෙන්න.,sinhala,True,sinhala
මිල ගණන් ස්ථාවරද යන්න අපට කියන්න.,sinhala,True,sinhala
යථාර්ථ මිල සහ අපේක්ෂිත මිල පැහැදිලි කරන්න.,sinhala,True,sinhala
පැමිණිලි සම්බන්ධ තොරතුරු පුළුල් කරන්න.,sinhala,True,sinhala
අපගේ සේවා පාරිභෝගිකත්වය පිළිබඳ විස්තර කියන්න.,sinhala,True,sinhala
සමාන් භාණ්ඩ මිල වෙනස්වීම් පරීක්ෂා කරන්න.,sinhala,True,sinhala
අපගේ අඩවියෙන් ඇණවුම කිරීමට කියන්න.,sinhala,True,sinhala
ඔබගේ අවශ්‍යතාවය සපුරාලීමට අපි කටයුතු කරනවා.,sinhala,True,sinhala
ලිපිනයේ වෙනස්කම් ඇතුළත් කරන්න.,sinhala,True,sinhala
අවශ්‍ය කාලය දක්වා බලා සිටින්න.,sinhala,True,sinhala
"ඔබේ අදහස් අපට බෙදාගන්න, අපි ලැබෙනු ඇත.",sinhala,True,sinhala
"ඔබගේ ඇණවුම තහවුරු කරමු, කරුණාකර ඔබේ නම saha දුරකථන අංකය සඳහන් කරන්න।",sinhala,True,sinhala
කරුණාකර ඔබට අවශ්‍ය භාණ්ඩය තෝරා අපට කියන්න।,sinhala,True,sinhala
ඔබගේ ලිපිනය සහ බෙදාහැරීම් දිනය සඳහන් කරන්න।,sinhala,True,sinhala
මෙම ඇණවුමට මිල කීයද කියා දන්වන්න।,sinhala,True,sinhala
"ගෙවීමේ ක්‍රමය තෝරන්න: කාඩ්පත, බැංකු මාරු, භාරගැනීම।",sinhala,True,sinhala
"බෙදාහැරීම් ස්ථානය සනාථ කරන්න, දිනයක් සඳහන් කරන්න।",sinhala,True,sinhala
බාණ්ඩය පැමිණෙන දිනය පිළිබඳ අපට දන්වන්න।,sinhala,True,sinhala
ඔබගේ ඇණවුම සම්පූර්ණ කිරීමට අවශ්‍ය තොරතුරු සපයන්න।,sinhala,True,sinhala
ඇණවුම තහවුරු කිරීම සඳහා අවශ්‍ය තොරතුරු ලබා දෙන්න।,sinhala,True,sinhala
අපට පැමිණිල්ලක් තිබේද නම් පහළට සටහන් කරන්න।,sinhala,True,sinhala
දෝෂයක් මතුවේ නම් අපට පැමිණිල්ල සලසන්න।,sinhala,True,sinhala
"මිල සංශෝධන ඇත්නම් දන්වන්න, අපි සලස්වන්නෙමු।",sinhala,True,sinhala
මෙම භාණ්ඩය සඳහා විශේෂ දීමනාවක් තිබේද යනු පරීක්ෂා කරමු।,sinhala,True,sinhala
නව මිල තොරතුරු ලබා දීමට අපට අවශ්‍ය තොරතුරු ලබා දෙන්න।,sinhala,True,sinhala
ඔබගේ ඇණවුමට අමතර භාණ්ඩයක් ඇතුළත් කිරීමට අවශ්‍යද කියන්න।,sinhala,True,sinhala
ඔබගේ ගෙවීමේ තොරතුරු සුරක්ෂිතව සුරකිනු ලබනවා।,sinhala,True,sinhala
අපි ඔබට මුණගැසීමට නියමිත දිනයක් සහ කාලය තහවුරු කරන්නෙමු।,sinhala,True,sinhala
ඔබට අවශ්‍ය කාලය තිබේ නම් නිවසටම ගෙනයන්න හැකිද කියන්න।,sinhala,True,sinhala
පැමිණිල්ලක් නිවැරදි සලස්වීමට අපට අවශ්‍ය තොරතුරු සපයන්න।,sinhala,True,sinhala
මෙම ගනුදෙනුව ඉක්මණින් විසඳීමට අපි කටයුතු කරනු ඇත।,sinhala,True,sinhala
බෙදාහැරීම් තත්ත්වය නිරීක්ෂණය කර පෙන්වන්නෙමු।,sinhala,True,sinhala
මිල හා බද්ද පිළිබඳ පැහැදිලි තොරතුරු ලබා දෙන්න।,sinhala,True,sinhala
ඔබගේ ගැටලු සහ පැමිණිල්ල සොයා විසඳුම් ක්‍රියාත්මක කරමු।,sinhala,True,sinhala
"ඔබට ඉල්ලුම් නැංවීමක් තිබේද කියන්න, අප සලස්වන්නෙමු।",sinhala,True,sinhala
අපගේ සේවාවට අදාල තොරතුරු ඔබට අවශ්‍යද කියන්න।,sinhala,True,sinhala
ඔබගේ පැමිණිල්ල ගනුදෙනු අංශයට මඟපෙන්වනු ඇත।,sinhala,True,sinhala
"දැනට භාණ්ඩය සපයා නොයෙක්ද කියන්න, අපි බලමු।",sinhala,True,sinhala
නිශ්චිත මිල තොරතුරු ලබා ගැනීමට අවශ්‍ය තොරතුරු සමඟ සිටින්න।,sinhala,True,sinhala
"සහාය ලබා දීමට අපි වැඩ කරනවා, ඔබට ස්තුති।",sinhala,True,sinhala
"ඔබගේ ගිණුමක් තිබේද, එය ඇතුළත් කරන්න।",sinhala,True,sinhala
ඇණවුමට අදාළ තොරතුරු බැලීම සාර්ථකයිද කියන්න।,sinhala,True,sinhala
පිළිතුරක් ලැබීමට අපි පෙරේදා කරනවා।,sinhala,True,sinhala
ඔබට අවශ්‍ය විකල්ප සපයන්නේම් නම් සඳහන් කරන්න।,sinhala,True,sinhala
බෙදාහැරීම් තොරතුුරු තහවුරු කිරීමට අපි සූදානම්।,sinhala,True,sinhala
ඔබගේ පැමිණිල්ල සම්බන්ධ කණ්ඩායමට ගෙනයන්නෙමු।,sinhala,True,sinhala
ඔබගේ ඇණවුමට අදාළ තොරතුරු සපයන්න।,sinhala,True,sinhala
අපගේ වෙබ්අඩවියේ මිල තොරතුරු නිතර සකස් කරනු ඇත।,sinhala,True,sinhala
ඔබට එම ආදානය පිළිබඳ පැහැදිලි කිරීමක් අවශ්‍යද කියන්නද?,sinhala,True,sinhala
ඔබගේ ගනුදෙනුවට අදාළ තොරතුරු තහවුරු කිරීමට අපි කටයුතු කරමු।,sinhala,True,sinhala
එම තොරතුරු ලබා ගැනීමට තවත් ප්‍රශ්න තිබේද කියන්න।,sinhala,True,sinhala
භාණ්ඩය සපයන්නන්ට අමතර විස්තර අවශ්‍යද කියන්න।,sinhala,True,sinhala
ඔබගේ අයදුම්පතට මූලික පිළිතුරක් අප ගෙන ඒමට කටයුතු කරනවා।,sinhala,True,sinhala
සබැඳි අමතර ලිපිනයන් සදහා අපවරනය කරන්නන්ට සලස්වනු ඇත।,sinhala,True,sinhala
ඔබගේ තොරතුරු නවීකරණය කිරීමට අපට අවශ්‍ය තොරතුරු ලබා දෙන්න।,sinhala,True,sinhala
"අපගේ සේවාවන් පිළිබඳ ඔබේ අදහස් මට කියන්න, කරුණාකර।",sinhala,True,sinhala
ඔබගේ අමතර ප්‍රශ්න සඳහා අපි කටයුතු කරනවා।,sinhala,True,sinhala
"අපට ඔබේ ගනුදෙනු අංකය වාර්ථා කරන්න, කටයුතු ඉක්මන් වේවි।",sinhala,True,sinhala
පසුගිය ඇණවුමට පැමිණිල්ලක් තිබේද? විස්තර කරන්න।,sinhala,True,sinhala
ඔබගේ අවශ්‍යතා අනුව අපි සේවාවන් පුළුල් කරන්නෙමු।,sinhala,True,sinhala
"ඔබට වෙනස් කිරීම් අවශ්‍ය නම් ලබා දෙන්න, අප සලස්වමු।",sinhala,True,sinhala
"வணக்கம், நான் ஒரு பொருள் ஆர்டர் செய்ய விரும்புகிறேன்.",tamil,True,tamil
பொருளின் நிறம் மற்றும் அளவை தெரிவிக்கவும்.,tamil,True,tamil
இந்த பொருளின் தற்போதைய விலை என்ன?,tamil,True,tamil
விலை பட்டியல் உடனடியாக அனுப்ப முடியுமா?,tamil,True,tamil
பணம் செலுத்தும் முறைகள் என்னென்ன?,tamil,True,tamil
ஆர்டர் எண்ணை எப்போது பார்க்கலாம்?,tamil,True,tamil
எனக்கு என் ஆர்டர் நிலை தெரியுமா?,tamil,True,tamil
என் பொருள் எப்போது அனுப்பப்படுகிறது?,tamil,True,tamil
டெலிவரி தேதி எப்போது இருக்கும்?,tamil,True,tamil
டெலிவரி எண் வழங்குகிறீர்களா?,tamil,True,tamil
முகவரி மாற்றம் செய்ய விருப்பம் உள்ளது.,tamil,True,tamil
புதிய முகவரியை பதிவு செய்ய முடியுமா?,tamil,True,tamil
சேவை நேரம் நிர்ணயிக்க முடியுமா?,tamil,True,tamil
நாளை காலை 10 மணிக்கு நேரம் ஒதுக்கலாமா?,tamil,True,tamil
சந்திப்பு இடம் எங்கு உள்ளது?,tamil,True,tamil
நேரம் மாற்றம் வேண்டுமெனில் என்ன செய்ய வேண்டும்?,tamil,True,tamil
ஒரு நேரம் நிர்ணயிக்க முடியுமா?,tamil,True,tamil
சலுகைகள் மற்றும் தள்ளுபடி விவரங்களைத் தெரிந்து கொள்ளவும்.,tamil,True,tamil
இந்த மாத விலை மாற்றங்கள் குறித்து விளக்குங்கள்.,tamil,True,tamil
விற்பனை நிகழ்வுகள் எப்போது நடைபெறுகின்றன?,tamil,True,tamil
எனக்கு முகவரி மாற்றம் தேவையெனில் படிமுறைகளை தெரிந்துகொள்ளவும்.,tamil,True,tamil
சேவை எந்த நகரங்களில் வழங்கப்படுகிறது?,tamil,True,tamil
பணம் செலுத்தும் போது கட்டணக் கணக்கிடல் எப்படி நடைபெறுகிறது?,tamil,True,tamil
விலை குறைந்தபோது தகவல் வழங்குங்கள்.,tamil,True,tamil
ஆர்டர் நிலை மாற்றம் மேற்கொள்ள முடியுமா?,tamil,True,tamil
பொருள் கிடைக்கவில்லை என்றால் மாற்றம் வேண்டுமா?,tamil,True,tamil
புகார் பதிவு செய்ய விரும்புகிறேன்.,tamil,True,tamil
புகாரின் நிலை எவ்வாறு அறியமுடியும்?,tamil,True,tamil
புகாருக்கு பதில் எப்போது வருகிறது?,tamil,True,tamil
உங்களுடைய தொடர்பு எண் எது?,tamil,True,tamil
கட்டண விவரங்களை எப்படிச் சரிப்பார்க்கலாம்?,tamil,True,tamil
GST மற்றும் வரி விவரங்களை வழங்கவும்.,tamil,True,tamil
சலுகை குறிப்பு எவ்வாறு பெறுவது?,tamil,True,tamil
சேவை பற்றி எந்தவொரு கேள்வியும் கேட்கலாம்.,tamil,True,tamil
பராமரிப்பு நேரம் எவ்வாறு நிர்ணயிக்கப்படுகிறது?,tamil,True,tamil
உங்கள் அங்கீகாரத்தை எவ்வாறு புதுப்பிக்கமுடியும்?,tamil,True,tamil
கடைசித் தொடர்பு தேதி என்ன?,tamil,True,tamil
வாடிக்கையாளர்கள் கருத்துகளை எங்கே அனுப்புவது?,tamil,True,tamil
வாடிக்கையாளரின் நிலை தொடர்பு எண் வழங்கிட முடியுமா?,tamil,True,tamil
ஒரு பொருளுக்கு மாற்றம் வேண்டுமா?,tamil,True,tamil
உங்களது கிளை எங்கு உள்ளது?,tamil,True,tamil
அழைப்பின் போது நான் என்ன செய்ய வேண்டும்?,tamil,True,tamil
பொருளின் தரக் குறைபாடுகள் பற்றி தகவல் தருங்கள்.,tamil,True,tamil
படிகளில் பொருள் குறைந்த பட்ச வரம்பில் உள்ளது.,tamil,True,tamil
விலை நிலைத்துள்ளதா என்று விசாரிக்கவும்.,tamil,True,tamil
உங்களிடம் எந்தவொரு மொழியில் உதவி செய்யலாமா?,tamil,True,tamil
பின்னர் விளைவுகளை குறைக்க குறிப்பு வழங்கவும்.,tamil,True,tamil
எனது ஆர்டர் குறித்து விரைவான உதவி தேவை.,tamil,True,tamil
தவறான பொருள் வந்துவிட்டால் என்ன செய்யலாம்?,tamil,True,tamil
"உதவி நன்றாக இருக்கிறது, தொடர்ந்தும் உதவி வேண்டும்.",tamil,True,tamil
வணக்கம்! உங்களுடைய ஆர்டர் நிலை பார்க்க வேண்டுமா?,tamil,True,tamil
உங்கள் ஆர்டர் எண் என்ன? நிலைத் தகவலை உடனடியாக வழங்குகிறேன்.,tamil,True,tamil
கட்டணம் செய்யப்பட்டதா? சரிபார்த்துப் பார்க்குகிறோம்.,tamil,True,tamil
முகவரி மாற்றம் தேவையா? புதிய முகவரியை கீழே எழுதவும்.,tamil,True,tamil
இந்த பொருளின் தற்போதைய விலை ரூபாய் 499.,tamil,True,tamil
சில பொருட்களுக்கு தற்போது தள்ளுபடி உள்ளது; பார்க்கவும்.,tamil,True,tamil
டெலிவரி தேதி இரண்டு முதல் மூன்று நாட்கள்.,tamil,True,tamil
நேரம் மற்றும் தேதியை நீங்கள் தெரிவிக்கவும்; அங்கே பதிவு செய்வோம்.,tamil,True,tamil
நிறம் மாற்றம் தேவையா? விருப்பமான நிறத்தை சொல்வீர்கள்.,tamil,True,tamil
கிடைக்குமிடத்தில் பொருட்கள் உள்ளனவா என்பதைச் சரிபார்க்குகிறோம்.,tamil,True,tamil
ஆர்டர் தற்போது தயாரிப்பில் உள்ளது; தயாரிப்பு முடிந்ததும் நீங்கள் பெறுவீர்கள்.,tamil,True,tamil
COD வசதி உள்ளது; விரும்புகிறீர்களா?,tamil,True,tamil
புகார் எழுப்ப விரும்பினால் விவரங்களை கீழே தருங்கள்.,tamil,True,tamil
புகார் எண் உருவாக்கப்பட்டுள்ளது; சேவை குழு தொடர்புகொள்கிறது.,tamil,True,tamil
ஆர்டர் மாற்றம் செய்யும் படி நிறம் அல்லது அளவைக் குறிப்பிடுங்கள்.,tamil,True,tamil
புதிய தேதி மற்றும் நேரம் நீங்கள் தெரிவிக்கவும்; நாம் ஏற்பாடு செய்வோம்.,tamil,True,tamil
பொருளை தற்போது நமது சேவைகுறிப்புகளில் சேர்க்கப்படவில்லை என்றால் தெரியப்படுத்துகிறோம்.,tamil,True,tamil
விலை பற்றி மேலும் கேள்விகள் உள்ளனவா?,tamil,True,tamil
உங்களுக்கு எவ்வாறு உதவுவது என்பத்னை பார்க்கிறோம்.,tamil,True,tamil
"நீங்கள் விரும்பும் தயாரிப்பு பட்டியல் இதோ: அணிகலன்கள், பேக், பொருட்கள்.",tamil,True,tamil
உதவிக்குறிப்பு: எப்போது வேண்டுமானாலும் தொடர்பு கொள்ளவும்.,tamil,True,tamil
புதிய ஆர்டர் உருவாக்குவதற்கு இங்கே படிவம் உள்ளது.,tamil,True,tamil
விலை அம்சங்கள் பற்றி முழுமையாக விளக்குகிறேன்.,tamil,True,tamil
நீங்கள் ஆர்டர் தொகையை குறைக்க விரும்பினால் சொல்லவும்.,tamil,True,tamil
அனுப்பும் முகவரியை மாற்ற வேண்டுமா? கூறுங்கள்.,tamil,True,tamil
இப்போதும் பொருட்கள் கிடைக்கின்றன; தயவு செய்து முகவரியை உறுதிப்படுத்துங்கள்.,tamil,True,tamil
கட்டண முறையை மாற்ற விரும்பினால் தயவு செய்து தெரிவிக்கவும்.,tamil,True,tamil
புகாருக்கு பதிலளிக்கப்படும் நேரம் தெரியும்; தயவுசெய்து காத்திருக்கவும்.,tamil,True,tamil
உதவி தேவையெனில் உடனடி கேள்விகள் கேட்கவும்.,tamil,True,tamil
இந்த மாதத்தில் சிறப்பு சலுகைகள் நிறைய உள்ளன; விரைவாகப் பார்க்கவும்.,tamil,True,tamil
பொருட்கள் தரம் உறுதிப்படுத்தப்பட்டவை; தேவையெனில் மாற்றம் செய்யலாம்.,tamil,True,tamil
அரையிலான சிக்கல்கள் நிகழ்ந்தால் உடனடியாக நடவடிக்கை எடுப்போம்.,tamil,True,tamil
பார்வை விரிவான தகவலுக்கு என்ன வேண்டுமானாலும் கேட்கவும்.,tamil,True,tamil
எந்த நாளில் வந்து சேர்க்க வேண்டும் என்று கூறுங்கள்.,tamil,True,tamil
பொருட்கள் நிறம் மற்றும் வடிவம் பற்றி விருப்பம் தெரிவிக்கவும்.,tamil,True,tamil
விலை பட்டியல் பகுதியில் புதிய மாற்றங்கள் உள்ளன; பார்க்கவும்.,tamil,True,tamil
இன்றைய சந்தையில் சிறப்பு பரிந்துரைகள் உள்ளன; பாருங்கள்.,tamil,True,tamil
புகார் பதிவு தொடர்பான தகவல் எப்போதும் உதவிக்கு முனையோம்.,tamil,True,tamil
உங்களுக்கான ஆர்டர் விவரங்கள் இங்கே காணப்படும்.,tamil,True,tamil
உங்கள் பார்த்தபடி மாற்றங்கள் செய்யப்படும்.,tamil,True,tamil
கிடைக்கும் இடம் மற்றும் நேரம் பற்றி மேலும் தகவல் கொடுங்கள்.,tamil,True,tamil
அறிவிப்புகள் எப்போதும் நேரத்தில் அனுப்பப்படும்.,tamil,True,tamil
உங்கள் அனைவருக்கும் வாழ்த்துகள்; சந்தோஷமாகவும் பாதுகாப்பாகவும்.,tamil,True,tamil
இப்போது எத்தனை பொருட்கள் பொருந்தும் என்பதில் கவனி.,tamil,True,tamil
செயல்பாட்டின் ஸீர்திருத்தங்கள் மேற்கொள்ளப்பட்டுவிட்டன.,tamil,True,tamil
உங்கள் விருப்பம் எதுவும் இருந்தால் கூறுங்கள்.,tamil,True,tamil
புதிய பொருட்கள் வருவதில் இருந்து விருப்பமானதைத் தேர்ந்தெடுக்கவும்.,tamil,True,tamil
உதவிக்கு நாம் எப்போதும் தயாராக இருக்கிறோம்.,tamil,True,tamil
அறிவிப்புகள் மற்றும் சேவை நிலை மாற்றங்கள் உடனடி வெளியிடப்படும்.,tamil,True,tamil
இந்த சேவையில் உங்களுக்கு எப்போதும் உதவி செய்யுகிறோம்.,tamil,True,tamil
"வணக்கம், உங்கள் ஆர்டர் நிலை என்ன தெரியுமா?",tamil,True,tamil
ஆர்டர் எண் ஒன்றை பகிர்ந்து உதவுங்கள்.,tamil,True,tamil
"பொருள் பெயர், அளவு மற்றும் நிறம் கூறவும்.",tamil,True,tamil
முகவரி மற்றும் தொடர்பு எண்ணை உறுதிப்படுத்தவும்.,tamil,True,tamil
பணம் செலுத்தும் முறை எது என்பதை தெரிவிக்கவும்.,tamil,True,tamil
பொருள் கிடைக்கவில்லை என்றால் மாற்ற விருப்பம் கூறவும்.,tamil,True,tamil
ஆர்டர் தயாராக இருந்தால் தகவலை பகிருகிறேன்.,tamil,True,tamil
ஒரு ஆர்டர் உருவாக்க வேண்டுமானால் மதிப்புகளை பகிரவும்.,tamil,True,tamil
சமீபத்திய நிலை எப்போது கிடைக்கும் என்பதை கேட்கலாம்.,tamil,True,tamil
பயனுள்ள தகவல் தவறாக இருந்தால் திருத்தவும்.,tamil,True,tamil
எப்போதுதான் சந்திப்பு ஒத்துப்போகும் என்று சொன்னீர்கள்?,tamil,True,tamil
"தேதி மற்றும் நேரம் கூறுங்கள், சந்திப்பு ஒழுங்காக நடைபெறும்.",tamil,True,tamil
சந்திப்பு இடம் எங்கே என்று தெரியப்படுத்தவும்.,tamil,True,tamil
இடம் மாற்றம் தேவைப்பட்டால் உடனடியாகக் கூறவும்.,tamil,True,tamil
செல்லும் நேரம் மாற்றம் இருந்தால் முன்தேதி தெரிவிக்கவும்.,tamil,True,tamil
இந்த பொருளின் தற்போதைய விலை என்ன?,tamil,True,tamil
விலை குறைப்பு அல்லது சலுகைகள் உள்ளதா எனக் கேட்கின்றேன்.,tamil,True,tamil
ஒட்டமொத்த கட்டணத்தையும் வரிகளைப் பற்றி தெளிவாக சொல்லுங்கள்.,tamil,True,tamil
கட்டணம் எவ்வாறு செலுத்துவீர்கள்? வழியைக் தெரிவிக்கவும்.,tamil,True,tamil
விலை போதுமானதா என்பதைப் பரிசீலிக்க வேண்டுமா?,tamil,True,tamil
சேவையில் எந்த பிரச்சனை வந்தாலும் உடனடி உதவி வழங்குகிறோம்.,tamil,True,tamil
உதவிக்கு தொடர்பு கொள்ள வேண்டிய எண் தொடர்புகொள்க.,tamil,True,tamil
உங்கள் பிரச்சனையை நேரில் பதிவு செய்து தீர்த்து விடுவோம்.,tamil,True,tamil
பொருள் தரம் குறைவு என்றால் மாற்றம் அல்லது பணம் திருப்பி வழங்கப்படும்.,tamil,True,tamil
"டெலிவரி நேரம் இன்னும் அதிகமாகிவிட்டாலோ, தகவல் தருங்கள்.",tamil,True,tamil
டெலிவரி தாமதம் வந்தால் நிச்சயமாகத் தெரியப்படுத்துகிறோம்.,tamil,True,tamil
"சேவையில் குறைகளை பகிர்ந்து விடுங்கள், தீர்வு வழங்குவோம்.",tamil,True,tamil
உங்கள் கருத்துகள் எங்களைப் பயனுள்ளதாக இருக்கும்.,tamil,True,tamil
பிரச்சனைகள் இருப்பின் சேவை வழங்குநருடன் விசாரிப்போம்.,tamil,True,tamil
பிறகு மேற்கொள்ள வேண்டிய நடவடிக்கைகளை தெரிவிக்கவும்.,tamil,True,tamil
வாடிக்கையாளர் சேவை தொடர்பு படிவம் சமர்ப்பிக்கவும்.,tamil,True,tamil
நமது குழு விரைவாக உதவுவதை உறுதிப்படுத்துகிறோம்.,tamil,True,tamil
சேவை குறைபாடுகள் கண்டுபிடித்தால் பரிவர்த்தனைகளை நடத்துவோம்.,tamil,True,tamil
புதிய கட்டண திட்டங்களை பற்றி விரைவில் தகவல் வழங்குவோம்.,tamil,True,tamil
விலையில் பகுப்பாய்வு செய்ய தேவையான விவரங்களை கேட்டுக்கொள்கிறோம்.,tamil,True,tamil
தேவைப்பட்டால் ஆவணங்களை அனுப்பிக்கொள்ள முடியுமா?,tamil,True,tamil
உங்களுக்கு தேவையான உதவியை விரைவாக வழங்குகிறோம்.,tamil,True,tamil
சேவை மேம்பாட்டில் உங்கள் பாராட்டுக்களை நன்றி கூறுகிறோம்.,tamil,True,tamil
உங்கள் கருத்துகளை வரவேற்கிறோம் மற்றும் பயன்படுத்துவோம்.,tamil,True,tamil
"பிரச்சனைகளை தீர்க்க முயலுகிறோம், தயவுசெய்து உறுதிப்படுத்தவும்.",tamil,True,tamil
திருப்புதல்கள் மற்றும் மாற்றங்கள் விரைவாக மேற்கொள்ளப்படும்.,tamil,True,tamil
விலை மற்றும் பொருள் விவரங்களை தெளிவாக வழங்குகிறோம்.,tamil,True,tamil
டெலிவரி தகவல்கள் நேரடியாக உங்களுக்கு வரும்.,tamil,True,tamil
உங்கள் அனுபவத்தை மேம்படுத்த வேண்டுமானால் எங்களை அறிவிக்கவும்.,tamil,True,tamil
உதவிக்கு எப்போதும் இருக்கின்றோம்; தேவையை சொல்லவும்.,tamil,True,tamil
நமது சேவை முறைகளை மேம்படுத்தும் பரிந்துரைகளை மதிக்குகிறோம்.,tamil,True,tamil
அடுத்த சந்திப்பிற்கான ஏற்பாடுகள் விரைவாக செய்வோம்.,tamil,True,tamil
உதவிக்கான வழிகாட்டிகளை பகிரவும்.,tamil,True,tamil
எங்களுடன் தொடர்பில் இருப்பதற்கு நன்றி.,tamil,True,tamil
எப்போதும் உங்களுக்கு உதவ தயார் болушோம்.,tamil,True,tamil
"வணக்கம், உங்கள் ஆர்டர் எண் ௧௨௩௪௫ நிலை பற்றி உதவி தருகிறோம்.",tamil,True,tamil
தயவு செய்து உங்கள் ஆர்டர் பட்டியல் உறுதி செய்து கொள்ளவும்.,tamil,True,tamil
புதிய ஆர்டர் சேர்க்க விரும்புகிறீர்கள் என்பதை பொருட்கள் பெயர்கள் சொல்லுங்கள்.,tamil,True,tamil
கட்டண முறைகளில் எந்த பிரச்சனை இருந்தால் தெரியப்படுத்துங்கள்.,tamil,True,tamil
தற்போதைய விலையில் சிறப்பு சலுகை உள்ளதா.,tamil,True,tamil
ஆர்டர் மாற்றம் அல்லது நிறைவு பற்றி உதவி வேண்டுமானால் தெரிவிக்கவும்.,tamil,True,tamil
வகைகள் மற்றும் அளவுகளை தேர்ந்தெடுத்து நிரப்பவும்.,tamil,True,tamil
கிடைக்கும் பொருட்கள் பெட்டிகள் திறக்கப்பட்டு அனுப்பப்படும்.,tamil,True,tamil
முக்கிய பொருட்கள் கிடைக்கவில்லை என்றால் மாற்றம் நடைபெறும்.,tamil,True,tamil
ஆர்டர் நிலை புதுப்பிப்பு உடனுக்குடன் தெரிவிக்கப்படும்.,tamil,True,tamil
நீங்கள் நேரம் முன்பதிவு செய்ய விரும்புகிறீர்களா.,tamil,True,tamil
நேரம் தேர்வு செய்யவும் பத்து மணி அல்லது மூன்று மணி எது உங்களுக்கு வசதியானது.,tamil,True,tamil
தேதி மற்றும் இடம் பற்றி விரிவாக கூறுங்கள்.,tamil,True,tamil
பயனர் தகவல் மற்றும் நோக்கம் கூறி நேரம் பதிவு செய்யவும்.,tamil,True,tamil
ஏற்கெனவே நிர்ணயித்த நேரத்தில் மாற்றம் செய்ய விரும்புகிறீர்கள்.,tamil,True,tamil
பயனுள்ள மருத்துவ கிளினிக் பெயர் மற்றும் சேவை வகை உறுதிப்படுத்துக.,tamil,True,tamil
நேர பரிந்துரை காலை ஒன்பது மணி அல்லது மதியம் இரண்டு மணி எது சிறந்தது.,tamil,True,tamil
உங்கள் பதிவு நிறைவேற்றப்பட்டதை உடனடி அறிக்கை அனுப்பப்படும்.,tamil,True,tamil
கிளினிக்கின் தொடர்பு எண் தொடர்பு கொடுக்கப்பட்டுள்ளது.,tamil,True,tamil
உங்கள் அப்பாய்ட்மென்ட் நிலை பூட்டு நிலையில் இல்லை என்பதைக் காண்கிறோம்.,tamil,True,tamil
உங்கள் பொருள் இன்று டெலிவரி ஆகுமா.,tamil,True,tamil
டெலிவரி தேதி மாற்றம் தேவைகளுக்கு தெரிவிக்கவும்.,tamil,True,tamil
டெலிவரி நேரம் பத்து மணி முதல் இரவு பன்னிரண்டு வரை உள்ளது.,tamil,True,tamil
முகவரி மற்றும் தொடர்பு எண் சரிவர உள்ளனவா?,tamil,True,tamil
பொருட்கள் பரிசோதனை செய்யப்பட்டு அனுப்பப்படும்.,tamil,True,tamil
பிரச்சனையின்றி டெலிவரி சேவைக்கு நன்றி.,tamil,True,tamil
வீட்டில் மக்கள் இல்லாத போது பாதுகாப்பு முறைகள் பின்பற்றுங்கள்.,tamil,True,tamil
பொருள் பாதிக்கப்படாததை உறுதிப்படுத்த ஈடுபாடான படிவம் நிரப்பப்பட்டுள்ளது.,tamil,True,tamil
பிரச்சனையுண்டு நேரடி கண்காணிப்பு எண்ணை வழங்குகிறோம்.,tamil,True,tamil
பொருளின் பரிசோதிப்பு எண் ௧௨௩௪ அஞ்சல் மூலம் அனுப்பப்படும்.,tamil,True,tamil
இதற்கான தற்போதைய விலை விவரத்தை பகிரவும்.,tamil,True,tamil
ஒட்டுமொத்த கட்டணத்தில் வரிகள் சேருமா என்றும் பார்க்கின்றோம்.,tamil,True,tamil
சலுகை மற்றும் தள்ளுபடி தேதி கூறவும்.,tamil,True,tamil
வரி மற்றும் சேவை கட்டணம் எந்த அளவிற்கு இருக்கும் என்று பார்க்கவும்.,tamil,True,tamil
ஆர்டர் தொகை பத்திரம் பெற முடியுமா.,tamil,True,tamil
விலை மாற்றம் எதிர்பார்க்கிறீர்களா ஏதேனும் சந்தேகம்?,tamil,True,tamil
ஆர்டர் வாங்குதலில் தள்ளுபடி குறிப்பு வழங்கப்படுமா.,tamil,True,tamil
அடையாள எண் ஒன்றுக்கு செலவு தெளிவாக காட்டப்படும்.,tamil,True,tamil
விலை நிலைத்திருக்கும் வரை மாற்றம் இல்லை என்று கூறுகிறோம்.,tamil,True,tamil
உங்கள் முதல் வாங்குதலுக்கு ௫ சதவீத தள்ளுபடி.,tamil,True,tamil
பெறப்பட்ட பொருள் பாதிக்கப்பட்டுள்ளது தயவு செய்து மாற்றம் செய்யவும்.,tamil,True,tamil
சேவையின் நேரம் அதிகம் நீண்டுவிட்டது பராமரிப்பு தரம் குறைந்துள்ளது.,tamil,True,tamil
கட்டண விவரத்தில் தவறுகள் உள்ளன தீர்வு வேண்டியது.,tamil,True,tamil
பொருள் வழங்கப்படாமல் கடைசியில் ரத்து செய்து விட்டீர்கள்.,tamil,True,tamil
சேவைக்கான தொடர்பு எண் பதிலளிக்கவில்லை உதவி தேவை.,tamil,True,tamil
புதிய தகவலை எதிர்பார்க்கின்றோம் நீங்கள் மீண்டும் தொடர்புகொள்ளவும்.,tamil,True,tamil
அர்டரை நிலை புதுப்பிக்கவில்லை கண்காணிக்கவும்.,tamil,True,tamil
புதிய சிக்கல்கள் பொருளின் நிலை குறைப்பு தீர்வு விரைவில்.,tamil,True,tamil
சேவைக்கு தொடர்பு எண் வழங்கப்பட்டு தொடர்பு கொள்ளவும்.,tamil,True,tamil
வெளியிடப்பட்ட குறிப்பு தவறானது திருத்தம் தேவை.,tamil,True,tamil
வணக்கம்! எந்த தயாரிப்பை ஆர்டர் செய்ய வேண்டும்?,tamil,True,tamil
உங்கள் ஆர்டர் எண் தெரியவா? பகிரவும்.,tamil,True,tamil
விலை விவரங்களை உடனடியாக அனுப்புகிறோம்.,tamil,True,tamil
பொருட்கள் எவ்வாறு பெறப்படுவது என குறிப்பிடுகிறோம்.,tamil,True,tamil
கட்டண முறைகள் பற்றி தெளிவாக விளக்குகிறோம்.,tamil,True,tamil
ஆர்டர் நிறைவேற்றம் எப்போது நடைபெறும்?,tamil,True,tamil
அனுப்பும் தேதியை தற்போது உறுதிப்படுத்துகிறோம்.,tamil,True,tamil
பரிமாற்ற விருப்பங்களை எவ்வாறு தெரிவிப்பீர்கள்?,tamil,True,tamil
விலையில்லாத தள்ளுபடி விவரம் உங்களுக்குத் தெரியுமா?,tamil,True,tamil
புதிய பொருட்களைக் கட்டாயமாகச் சேர்ப்பல்லாமா?,tamil,True,tamil
நாளை சந்திப்புக்கான தேதி மற்றும் நேரம் கூறுங்கள்.,tamil,True,tamil
சந்திப்புக்கான இடம் எந்த முகவரியில் உள்ளது?,tamil,True,tamil
ஆவணங்கள் தேவைப்படுமானால் உரையாடலாம்.,tamil,True,tamil
விலை பட்டியல் பார்க்க விரும்புகிறீர்கள் என்பதைத் தெரியப்படுத்தவும்.,tamil,True,tamil
தயாரிப்பு நிறம் மற்றும் அளவை தெரிவிக்கவும்.,tamil,True,tamil
எந்தவொரு பொருளிலும் மாற்றம் வேண்டுமா?,tamil,True,tamil
கட்டண விவரங்களை பாதுகாப்பாக பராமரிக்கின்றோம்.,tamil,True,tamil
பொருட்கள் கிடைக்கவில்லை என்றால் மாற்றத்தை வழங்குவோம்.,tamil,True,tamil
விலை மாற்றம் நிகழ்ந்தால் உடனடியாக தகவல் இடுகிறோம்.,tamil,True,tamil
பொருட்கள் கையளிக்கப்படும் இடம் தெளிவாகக் கூறப்பட்டுள்ளது.,tamil,True,tamil
விலைப் பொருட்கள் குறைப்பு குறித்து தெரிவிக்கவும்.,tamil,True,tamil
வாடிக்கையாளர் சேவை எப்போதும் உதவிக்கு முனைந்துள்ளது.,tamil,True,tamil
புதிய சலுகைகளை கீழே குறிக்கவும்.,tamil,True,tamil
உங்கள் கருத்துக்கள் எங்களுக்கு மிகவும் முக்கியம்.,tamil,True,tamil
எதிர்கால செயல்முறைகளை விளக்குகிறோம்.,tamil,True,tamil
பொருட்கள் தாமதமாக இருந்தால் தவிர்க்க முடியுமா?,tamil,True,tamil
சரியான பரிசோதனைகளை உடனடியாக நடைபெறுவோம்.,tamil,True,tamil
பொருட்கள் வாங்கியபடி விரைவாக அனுப்பப்படும்.,tamil,True,tamil
கட்டண தொடர்பு தகவல் பாதுகாப்பாக உள்ளது.,tamil,True,tamil
விலை மாற்றம் எதிர்பார்க்கப்படும்போது தகவல் தருகிறோம்.,tamil,True,tamil
சேவைக்கு தேவையான பரிந்துரைகளை வழங்குகிறோம்.,tamil,True,tamil
அடையாள அட்டைகள் மற்றும் ரசீதுகள் தேவையா?,tamil,True,tamil
சந்திப்புக்கான குறிப்பு: அருகில் பார்க்கவும்.,tamil,True,tamil
பொருட்கள் நிறம் மற்றும் பொருத்தம் பற்றி கேளுங்கள்.,tamil,True,tamil
விலைப்பட்டியல் மற்றும் சேவைகள் பற்றி குறைவுகளை பகிரவும்.,tamil,True,tamil
உங்கள் தேவைகளுக்கு பொருத்தமான பரிந்துரைகளை தருகிறோம்.,tamil,True,tamil
சந்திப்புக்கான நாள் படிவம் நிரப்பப்பட்டுள்ளது.,tamil,True,tamil
கட்டண முறைகளை எளிதாக பயன்படுத்தலாம்.,tamil,True,tamil
பரிமாற்ற விருப்பங்களை விரைவாக அறிவிக்கவும்.,tamil,True,tamil
சேவையின் தரம் பற்றி எதிர்பார்ப்புகளை கூறுங்கள்.,tamil,True,tamil
விலை குறைப்புகளை இப்போது தெரிந்துகொள்ள வேண்டும்.,tamil,True,tamil
உங்கள் ஆர்டரை மீண்டும் கட்டமைப்போம்.,tamil,True,tamil
எந்த அலகு பேக்கேஜில் உதவி வேண்டும்?,tamil,True,tamil
உங்கள் விருப்பங்களை படித்து முன்னேறுவோம்.,tamil,True,tamil
நாம் தரும் வீடியோ வழிகாட்டி பயன்படும்.,tamil,True,tamil
வாங்கிய பொருட்கள் சேலில்கணில் மென்மையாக இருக்கும்.,tamil,True,tamil
பயனுள்ள நடவடிக்கைகளை எப்போதும் அனுப்புகிறோம்.,tamil,True,tamil
உங்கள் சந்தேகங்களை தெளிவுபடுத்தவும்.,tamil,True,tamil
தேவையான தொகை மற்றும் உண்மையான மதிப்பை இடம் பெறுகிறது.,tamil,True,tamil
உங்கள் விமர்சனங்கள் எப்போதும் வரவேற்பகம்.,tamil,True,tamil
வணக்கம்! எந்த பொருளை வாங்க விரும்புகிறீர்கள்?,tamil,True,tamil
பொருளின் பெயரை கூறுங்கள்.,tamil,True,tamil
அளவு மற்றும் நிறம் குறிப்பிடவும்.,tamil,True,tamil
விநியோக முகவரி மற்றும் தொலைபேசி பெற்ற எண் வழங்கவும்.,tamil,True,tamil
டெலிவரி தேதியை தேர்வு செய்யவும்.,tamil,True,tamil
பணம் செலுத்தும் முறையை தெரிவிக்கவும்.,tamil,True,tamil
ஆர்டர் எண் எப்போது வழங்கப்படும்?,tamil,True,tamil
உறுதிப்படுத்தப்பட்ட தகவல் உங்கள் மின்னஞ்சலில் வரும்.,tamil,True,tamil
நாம் உங்கள் ஆர்டரை விரைவாக செயலாக்குவோம்.,tamil,True,tamil
தயவுசெய்து மேலதிக விவரங்கள் தேவைப்பட்டால் கேட்கவும்.,tamil,True,tamil
சந்திப்பை முன்பதிவு செய்ய விரும்புகிறீர்களா?,tamil,True,tamil
தேதி மற்றும் நேரம் தெரிவிக்கவும்.,tamil,True,tamil
உங்கள் பெயர் மற்றும் தொடர்பு எண் கொடுக்கவும்.,tamil,True,tamil
சந்திப்பிற்கான இடத்தை குறிப்பிடவும்.,tamil,True,tamil
சந்திப்பு உறுதிப்பத்திரம் தேவைப்பட்டால் கூறுங்கள்.,tamil,True,tamil
நீங்கள் வர வேண்டிய இடம் எது?,tamil,True,tamil
ஒரு பதிவு உருவாக்கிப் பெறுவோம்.,tamil,True,tamil
பகுதி நேரங்களில் சந்திப்பை கூட்டுவோம்.,tamil,True,tamil
மேலும் தகவல் தேவையெனில் சொல்லுங்கள்.,tamil,True,tamil
"உதவிக்கு நன்றி, விரைவில் தொடர்புகோளோம்.",tamil,True,tamil
உங்கள் ஆர்டர் நிலை பார்க்க விரும்புகிறீர்களா?,tamil,True,tamil
டெலிவரி எப்போது வந்துவிடுமா?,tamil,True,tamil
விநியோக முகவரி சரியானதா?,tamil,True,tamil
பொருள் பாதிக்கப்படவில்லை என்பதை உணருகிறோம்.,tamil,True,tamil
டெலிவரி நேரம் வந்துவிடுமா?,tamil,True,tamil
ஒழுங்கற்ற சிக்கல் இருந்தால் தகவல் தரவும்.,tamil,True,tamil
பொருட்கள் பொருந்தியது என்பது உறுதி செய்யவும்.,tamil,True,tamil
மேலும் பகிர விரும்புகிறீர்கள்.,tamil,True,tamil
பயனுள்ள வழிவகுப்புகளை உடனடியாக வழங்குகிறோம்.,tamil,True,tamil
குறைப்பு வேண்டுமானால் எண் பதில் கேட்கவும்.,tamil,True,tamil
இந்த பொருளின் மொத்த விலை ரூபாய் 499.,tamil,True,tamil
10 வீத தள்ளுபடி பொருளுக்கு பொருந்தும்.,tamil,True,tamil
சேவை கட்டணம் ரூபாய் 50 சேரும்.,tamil,True,tamil
சந்தைப்படி கட்டணம் செலுத்துங்கள்.,tamil,True,tamil
விலை நிலைத்திருக்கும் என்று நம்புகிறோம்.,tamil,True,tamil
பல பொருட்களை வாங்கினால் கூடுதல் தள்ளுபடி கிடைக்கும்.,tamil,True,tamil
கட்டணம் செய்யும் வழிகளில் விருப்பங்களைத் தெரிவிக்கவும்.,tamil,True,tamil
வாடிக்கையாளர்களுக்குப் பொருந்தும் சிறப்பு தள்ளுபடி வழங்கப்படுகிறது.,tamil,True,tamil
கார்டு எண்ணை பதிவுசெய்யவும்.,tamil,True,tamil
புதிய விலைகள் நிரப்பப்பட்ட அட்டவணை அனுப்புகிறோம்.,tamil,True,tamil
சேவையில் தாமதம் ஏற்பட்டுள்ளது; உதவி செய்யவும்.,tamil,True,tamil
பொருள் உதிரி பாதிக்கப்பட்டுள்ளது.,tamil,True,tamil
அளவு பொருந்தவில்லை; மாற்றம் வேண்டியது.,tamil,True,tamil
விநியோக நேரத்தில் வந்து சேரவில்லை.,tamil,True,tamil
வழங்கியர் தொடர்பு கொள்ளவில்லை.,tamil,True,tamil
ரசீது பிழை உள்ளது; சரிசெய்யவும்.,tamil,True,tamil
ஆர்டர் எண் 12345 தொடர்பான பிரச்சனை உள்ளது.,tamil,True,tamil
பொருள் திறக்கப்பட்ட நிலையில் வந்துள்ளது.,tamil,True,tamil
திரும்பப் பெற்றல் வழிமுறை எவ்வாறு?,tamil,True,tamil
"மேலாளருடன் தொடர்பு கொள்ளவும், விவரம் கொடுங்கள்.",tamil,True,tamil
வணக்கம்! எப்படி உதவி செய்யலாம்?,tamil,True,tamil
ஆர்டர் செய்ய வேண்டிய பொருளின் பெயரை கூறுங்கள்.,tamil,True,tamil
அளவு மற்றும் நிறம் என்னவென்று தெரிவிக்கவும்.,tamil,True,tamil
இந்த பொருள் கிடைக்காதால் என்ன மாற்று பொருள் சேகரிப்பேன்?,tamil,True,tamil
ஆர்டர் எண்ணைப் பகிர்ந்தால் நிலையைப் பார்க்கலாம்.,tamil,True,tamil
உங்கள் முகவரி மற்றும் தொடர்பு எண்கள் தரவுகோளில் சேமிக்கப்படும்.,tamil,True,tamil
உங்கள் அருகிலுள்ள கிளை எது என்று சொல்லவும்.,tamil,True,tamil
டெலிவரி தேதி மற்றும் நேரம் தேர்வு செய்யவும்.,tamil,True,tamil
பொருளின் மொத்த விலை மற்றும் சேவை கட்டணம் பற்றி அறிவிக்கிறேன்.,tamil,True,tamil
விலை குறைப்புகள் அல்லது சலுகைகள் உள்ளதா என்று பார்க்கின்றேன்.,tamil,True,tamil
பொருளின் கிடைக்கும் நிலையை இன்று சரிபார்க்கிறேன்.,tamil,True,tamil
புதுப்பிப்புகள் வருகின்றன; தயவுசெய்து பொறுமையுடன் இருக்கவும்.,tamil,True,tamil
புகார் பதிவு செய்ய விரும்புகிறீர்களா? விவரங்களை கூறவும்.,tamil,True,tamil
புகார் விவரங்கள் தெளிவாகக் கூறுங்கள்.,tamil,True,tamil
புகார் எண் உருவாக்கப்பட்டுள்ளது; இவற்றை பதிவு করছি.,tamil,True,tamil
பொருள் மாற்றம் தேவையெனில் பற்றி கூறுங்கள்.,tamil,True,tamil
உங்கள் ஆர்டர் நிலை தற்போது செயல்பாட்டில் உள்ளது.,tamil,True,tamil
டெலிவரி நிலைப் பற்றி புதுப்பிப்பு தேவைப்படுமா?,tamil,True,tamil
பொருள் கிடைக்காமல் இருந்தால் மாற்று பொருள் தருவோம்.,tamil,True,tamil
வழங்கும் தேதி எப்போது என்பதைக் கூறுகிறேன்.,tamil,True,tamil
விலை மாற்றம் ஏற்பட்டால் உடனடியாகத் தகவல்தருகிறேன்.,tamil,True,tamil
பொருளின் தயாரிப்பு தேதி குறித்து சுருக்கமாகத் தெரிவிக்கவும்.,tamil,True,tamil
உங்கள் கணக்கை உருவாக்க என்ன தேவை என்பதைக் குறிப்பிட்டு விடுகிறேன்.,tamil,True,tamil
புதிய ஆர்டர் உருவாக்க விரும்பினால் தகவல_outputs வார்த்தையில்.,tamil,True,tamil
டெலிவரி நேரத்தை நீங்கள் விரும்புகிற நேரத்திற்கு மாற்றக்கூடுமா?,tamil,True,tamil
உருவாக்கப்பட்ட பட்டியலைப் புதுப்பிக்குகிறேன்.,tamil,True,tamil
உங்கள் தொடர்பு எண் மீரப்பட்டதை உறுதிப்படுத்துகிறேன்.,tamil,True,tamil
கிளை மாற்றம் வேண்டுமானால் தெரிவிக்கவும்.,tamil,True,tamil
பரிமாற்ற செலவை குறைத்துக் கொள்ள உதவுகிறோம்.,tamil,True,tamil
புதி விவரங்களை அனுப்பி வைத்தீர்கள்; இன்னும் தேவை?,tamil,True,tamil
உங்கள் பக்கம் படிப்பதில் ஏதாவது உதவி வேண்டுமா?,tamil,True,tamil
புகாரை தீர்வு அளிவதில் அதிகம் நேரம் எடுத்தால் மன்னிக்கவும்.,tamil,True,tamil
உங்களின் ஆதார் விவரங்கள் எமது தரவுத்தளத்தில் ரகசியமாக உள்ளது.,tamil,True,tamil
வருகிற தேதியில் சிறந்த பரிந்துரைகளை அனுப்புகிறேன்.,tamil,True,tamil
சைடு சேவைகள் பற்றிய தகவலை விரைவாகக் கொடுப்பேன்.,tamil,True,tamil
இதை முந்தைய ஆர்டர் உதவிக்கு இணைக்கின்றேன்.,tamil,True,tamil
உங்கள் பரிந்துரைகளை நான் செயலாக்குகிறேன்.,tamil,True,tamil
விலை விவரங்களை மீண்டும் வலுப்பத்திரம் காண்பிப்பேன்.,tamil,True,tamil
உங்களுக்கு தேவையான பொருள்கள் கைப்பற்றப்பட்டுள்ளனவா பார்க்கிறேன்.,tamil,True,tamil
புதிய சலுகை எங்கள் வாடிக்கையாளர்களுக்கு உள்ளது.,tamil,True,tamil
ஒழுங்குசெயலாக்கம் சார்ந்த எந்தக் கேள்வியும் இருந்தாலே கேளுங்கள்.,tamil,True,tamil
உங்கள் தகவல்கள் பாதுகாப்பாக இருக்கின்றன என்பதை உறுதிப்படுத்துகிறேன்.,tamil,True,tamil
நாம் விரைவாக நடவடிக்கை எடுத்துவிடுவோம்.,tamil,True,tamil
உதவி தேவையெனில் உடனடியாக தொடர்பு கொள்ளவும்.,tamil,True,tamil
சேவையை மேம்படுத்தும்போது எவ்வித பிரச்சனையும் எதிர்கொள்வீர்கள்.,tamil,True,tamil
உங்கள் கருத்துகளைப் பகிர்ந்தமைக்கு நன்றி.,tamil,True,tamil
மேலும் தகவல் தேவைப்பட்டால் எப்போதும் கேட்டுக்கொள்ளுங்கள்.,tamil,True,tamil
இன்று உதவி செய்கிறோம்; மீண்டும் தேவைப்பட்டால் சொல்வீர்கள்.,tamil,True,tamil
வாங்க போலியான செய்திகளைவிட உங்களைப் பற்றிய விபரங்களை வழங்குவோம்.,tamil,True,tamil
உங்கள் ஆர்டர் நிலை புதுப்பிக்கப்பட்டதை படிக்கின்றேன்.,tamil,True,tamil
வணக்கம்! உங்கள் ஆர்டர் எண் என்ன?,tamil,True,tamil
தயவுசெய்து பொருளின் பெயர் மற்றும் அளவை கூறுங்கள்.,tamil,True,tamil
இந்த ஆர்டர் தற்போது நிலுவையில் உள்ளது.,tamil,True,tamil
விலை விவரங்களை பார்க்க விரும்புகிறீர்கள்ா?,tamil,True,tamil
கட்டணம் செய்யும் முறையை தெரிவிக்கவும்.,tamil,True,tamil
இன்றைய சிறப்பு தள்ளுபடி உள்ளது.,tamil,True,tamil
விநியோக நிலை பார்க்கக் கீழே இணைக்கப்பட்ட தகவலைப் பயன்படுத்துங்கள்.,tamil,True,tamil
உங்கள் முகவரி சரியானதா என்பதை உறுதிப்படுத்துகிறோம்.,tamil,True,tamil
தொலைபேசி எண்ணை மீண்டும் சரிபார்க்கவும்.,tamil,True,tamil
பொருள் கிடைக்கவில்லை என்றால் மாற்றம் செய்ய வேண்டுமா?,tamil,True,tamil
புதிய ஆர்டர் உருவாக்க விரும்புகிறீர்களா?,tamil,True,tamil
பணம் திருப்பம் தொடர்பான தகவல்களைக் கொடுக்குகிறோம்.,tamil,True,tamil
விலை பட்டியல் கீழே இணைக்கப்பட்டுள்ளது.,tamil,True,tamil
தள்ளுபடி எவற்றை பூர்த்தி செய்யும் என்பதைக் காணுங்கள்.,tamil,True,tamil
நீங்கள் விரும்பும் விநியோக தேதியை கூறுங்கள்.,tamil,True,tamil
விநியோக தொடர்பு விவரங்களை உறுதிப்படுத்துகிறோம்.,tamil,True,tamil
மற்றொரு பொருளை சேர்க்க வேண்டியிருக்குமா?,tamil,True,tamil
பராமரிப்பு அறிவிப்புகளை எங்களுக்கு அனுப்ப வேண்டுமா?,tamil,True,tamil
"காசோலைக் கார்டு, நகதி அல்லது யுபிஐ மூலம் கட்டணம் செலுத்த முடியும்.",tamil,True,tamil
உங்கள் ஆர்டர் நிலை தற்போது தயாரிப்பில் உள்ளது.,tamil,True,tamil
விலை மாற்றம் ஏற்பட்டால் உடனடியாக அறிவிக்கிறோம்.,tamil,True,tamil
சந்தேகங்கள் இருந்தால் தயவுசெய்து கேளுங்கள்.,tamil,True,tamil
விநியோக முகவரி குறைபாடுகள் இருந்தால் தெரியப்படுத்தவும்.,tamil,True,tamil
இந்த மாதம் பல பொருட்களில் சிறப்பு சலுகைகள் உள்ளன.,tamil,True,tamil
பரிந்துரைக் கூட்டத்தில் வாங்கும் போது சிறப்பு நிபந்தனைகள் உள்ளன.,tamil,True,tamil
பிரச்சனைகளை தீர்க்க எங்கள் குழு செயல்படுகிறது.,tamil,True,tamil
உதவிக்கு எங்கள் வாடிக்கையாளர் சேவை எப்போதும் உதவும்.,tamil,True,tamil
உதவிக்கு எங்கள் மையம் ஒவ்வொரு நாளும் 24 மணி நேரம் இயங்குகிறது.,tamil,True,tamil
உங்கள் கருத்துக்கள் எங்களுக்கு மிகவும் மதிப்பிடமானவை.,tamil,True,tamil
உங்கள் பெயர் மற்றும் முகவரியை உறுதிப்படுத்தவும்.,tamil,True,tamil
இந்த தொடர்பு எண்ணை மீண்டும் சரிபார்க்கவும்.,tamil,True,tamil
பொருட்களை இப்போது ஆர்டர் செய்ய விரும்புகிறீர்களா?,tamil,True,tamil
 தற்போது ஆர்டர் நிலை பார்க்க கீழே உள்ள புகாரை கிளிக் செய்யவும்.,tamil,True,tamil
விவரங்களை மறுபடியும் சரிபார்க்கவும்.,tamil,True,tamil
பொருட்களின் எண்ணிக்கை சரியானதா என்பதை உறுதிப்படுத்துக.,tamil,True,tamil
விலை குறைப்பு மற்றும் விளக்கங்களை வழங்குகிறோம்.,tamil,True,tamil
உங்களுக்கு சேவை தேவைப்பட்டால் எப்போதையும் கேளுங்கள்.,tamil,True,tamil
மின்னஞ்சலை சரிபார்க்கவும்.,tamil,True,tamil
பொருட்களின் பருமன் மற்றும் நிறங்களை தெரிவிக்கவும்.,tamil,True,tamil
உங்கள் கூட்டத்தில் மாற்றம் வேண்டுமா?,tamil,True,tamil
சேவை மீறலைப் பற்றிய ஒப்புதல் காண்பிக்கப்படுகிறது.,tamil,True,tamil
அடிக்கடி உதவி வேண்டுமெனில் இதில் என்ன தேவையெனப் பார்க்கலாம்.,tamil,True,tamil
உங்கள் கேள்வி எங்களுக்கு உதவிகரமாகும்.,tamil,True,tamil
நீங்கள் விரும்பும் விருப்பம் பொருளின் விலையைக் காட்டும்.,tamil,True,tamil
ஒரே முறையில் இரண்டு பொருட்களையும் ஆர்டர் செய்ய முடியுமா?,tamil,True,tamil
விநியோக முகவரி மாற்றம் தேவையா?,tamil,True,tamil
உங்களுக்கு மேலான சேவையை வழங்க நாம் முயற்சி செய்கிறோம்.,tamil,True,tamil
உங்கள் அனுபவம் எங்கள் முன்னுரையாகும்.,tamil,True,tamil
உங்கள் கருத்துகள் சேவையை மேம்படுத்தும்.,tamil,True,tamil
நன்றி! மீண்டும் வருக.,tamil,True,tamil
வணக்கம்! எந்த பொருளை ஆர்டர் செய்ய விரும்புகிறீர்கள்?,tamil,True,tamil
பொருளின் பெயரையும் குறியீடும் கொடுங்கள் ஆர்டர் செய்யுவோம்.,tamil,True,tamil
உங்கள் முகவரி மற்றும் தொடர்பு எண் சரியாக உள்ளனவா?,tamil,True,tamil
இந்த பொருளின் தற்போதைய விலை தெரிந்துகொள்ள முடியுமா?,tamil,True,tamil
செலுத்தும் முறைகளை தெரிவிக்கவும்.,tamil,True,tamil
ஆர்டர் உறுதிப்பத்திரம் உங்கள் மின்னஞ்சலுக்கு வரும்.,tamil,True,tamil
பொருள் எப்போது வரும் என்பதை கணக்கிட்டு தகவலை வழங்குகிறேன்.,tamil,True,tamil
விரைவு வழங்கலை விரும்புமా? விரைவு சேவை தேர்வு செய்யவும்.,tamil,True,tamil
பொருளின் படிமம் மற்றும் விவரங்களை பார்க்க விரும்புகிறீர்களா?,tamil,True,tamil
உங்களுக்கு ஏதேனும் மாற்றம் வேண்டும் என்று தோன்றினால் கூறுங்கள்.,tamil,True,tamil
ஆர்டர் உருவாக்கம் வெற்றிகரமாகிவிட்டுள்ளது; இன்னும் எதேனும் தகவல் வேண்டும்?,tamil,True,tamil
அப்பாய்ட்மெண்ட் பதிவு தேவையா? தேதி மற்றும் நேரம் கூறுங்கள்.,tamil,True,tamil
தேதி மாற்றம் வேண்டுமானால் புதிய தேதி கூறுங்கள்.,tamil,True,tamil
அப்பாய்ட்மெண்ட் நேரம் உறுதிப்படுத்தப்பட்டதும் தகவல்களை அனுப்புவேன்.,tamil,True,tamil
இந்த பொருளின் மொத்த விலை மற்றும் கட்டணம் எப்படி இருக்கும்?,tamil,True,tamil
விலை பட்டியல் பிரதியை அனுப்புகிறேன்.,tamil,True,tamil
பொருளின் நிறம் மற்றும் அளவு பற்றிய விரிவுகள் உங்களுக்கு காட்டப்படும்.,tamil,True,tamil
தேவையான சேர்க்கை அல்லது மாற்றங்களை நாங்கள் செய்து விடுகிறோம்.,tamil,True,tamil
டெலிவரி தேதி கிடைத்துவிட்டது; பராமரிக்கும் வழிகாட்டிகளும் வழங்கப்படுகின்றன.,tamil,True,tamil
உங்கள் ஆர்டர் எண் பகிர்ந்து கொள்வீர்கள்?,tamil,True,tamil
பொருளில் ஏதேனும் குறைபாடுகள் இருந்தால் உடனடியாக மாற்றம் செய்யும்.,tamil,True,tamil
அனுப்பும் முகவரியை மாற்ற விரும்பினால் கூறுங்கள்.,tamil,True,tamil
தற்போது கிடைக்கும் சலுகைகள் என்ன என்பதை பார்க்கிறேன்.,tamil,True,tamil
பொருள் கிடைக்காவிட்டால் மாற்று பொருளை பரிந்துரை செய்வோம்.,tamil,True,tamil
செலுத்தும் போது ரசீது பெற்றுக் கொள்ளுங்கள்.,tamil,True,tamil
சிறந்த மாற்று முறையை பரிந்துரைக்க உதவுகிறோம்.,tamil,True,tamil
அடுத்த தேதியில் அப்பாய்ட்மெண்ட் குறித்த விவரங்களை அனுப்புகிறோம்.,tamil,True,tamil
தொடர்பு எண் மாற்றம் வேண்டுமா? புதிய எண்ணை கூறுங்கள்.,tamil,True,tamil
பொருளின் தரமான விளக்கம் மற்றும் படங்களை வழங்குகிறேன்.,tamil,True,tamil
புதிய ஆர்டர் உருவாக்க விரும்புகிறீர்களா?,tamil,True,tamil
கட்டண ரீதியான குறைபாடுகள் இருந்தால் என்ன செய்ய வேண்டும்?,tamil,True,tamil
உங்களின் தேவைகளை பொருத்தி சேவை வழங்குகிறோம்.,tamil,True,tamil
எங்கள் சேவை நேரம் காலை 9 முதல் மாலை 6 மணி வரை.,tamil,True,tamil
பொருளில் குறைபாடுகள் இருந்தால் மாற்று பொருள் வழங்கப்படும்.,tamil,True,tamil
விலைகள் மீளாய்வு தேவையெனில் தெரிவிக்கவும்.,tamil,True,tamil
உங்கள் கணக்கு நிலை ஒழுங்குள்ளதாக உள்ளது என்பதை உறுதிப்படுத்துகிறேன்.,tamil,True,tamil
தயாரிப்பு விவரங்களை மீண்டும் வழங்குகிறேன்.,tamil,True,tamil
சிறந்த விலையில் வாங்கும் வழிகளை காண்போம்.,tamil,True,tamil
எத்தியும் கேள்விகள் இருந்தால் தயவுசெய்து கேளுங்கள்.,tamil,True,tamil
டெலிவரி நிலை குறித்து தற்போது தகவலளிக்கிறோம்.,tamil,True,tamil
ஆர்டர் நிலை அப்டேட் செய்யப்பட்டு பார்க்கவும்.,tamil,True,tamil
கட்டண விவரங்களை பாதுகாப்பாக செயலாக்குகிறோம்.,tamil,True,tamil
பராமரிப்பு அல்லது மாற்றம் தேவைப்பட்டால் சொல்லுங்கள்.,tamil,True,tamil
அப்பாய்ட்மெண்ட் உறுதிப்படுத்தப்பட்டதும் தகவல் அனுப்பப்படும்.,tamil,True,tamil
நிறம் மற்றும் அளவு மாற்றம் விரும்பினால் உடனடியாக புதுப்பிக்கவும்.,tamil,True,tamil
விலைகளில் மாற்றம் ஏற்பட்டால் தெரியப்படுத்துகிறோம்.,tamil,True,tamil
உங்கள் கேள்விக்கு உடனடியாக பதில் வழங்குகிறோம்.,tamil,True,tamil
மேலும் உதவி வேண்டுமானால் நான் இங்கே இருக்கிறேன்.,tamil,True,tamil
நன்றி! உங்களுடைய ஆர்டரை எப்பொழுதும் சிறப்பாக கையாளுகிறோம்.,tamil,True,tamil
மீண்டும் உதவி தேவைப்பட்டால் எப்போதும் தொடர்பு கொள்ளவும்.,tamil,True,tamil
வணக்கம்! இன்று எந்த பொருளை ஆர்டர் செய்ய விரும்புகிறீர்கள்?,tamil,True,tamil
பொருள் பெயர் மற்றும் அளவு கூறுங்கள்.,tamil,True,tamil
விலை விவரங்களை பார்க்க விரும்புகிறீர்களா?,tamil,True,tamil
கட்டண முறையைத் தெரிவிக்கவும்.,tamil,True,tamil
சேவைக்கு முன்பதிவு செய்ய விரும்புகிறீர்களா?,tamil,True,tamil
தேதி மற்றும் நேரத்தை கூறுங்கள்; பதிவு செய்யப்படும்.,tamil,True,tamil
வீடு வரை சேவை வேண்டுமா?,tamil,True,tamil
தொடர்பு எண் மற்றும் மின்னஞ்சலை வழங்கவும்.,tamil,True,tamil
"முகவரி: வீடு எண், தெரு பெயர், நகரம்.",tamil,True,tamil
ஆர்டர் எண்ணை உடனடியாக வழங்குவோம்.,tamil,True,tamil
பொருளின் நிறம் மாற்றம் தேவையா?,tamil,True,tamil
பிரதி பொருட்கள் தேவையா என எண்ணிக்கையை கூறுங்கள்.,tamil,True,tamil
விலை பட்டியல் மற்றும் சிறப்பு தள்ளுபடி விவரம்.,tamil,True,tamil
மொத்த தொகை மற்றும் கட்டண விதிகளைப் பார்க்கலாம்.,tamil,True,tamil
அடுத்த தேதியைச் சொல்லுங்கள்; நான் பதிவு செய்வேன்.,tamil,True,tamil
டெலிவரி நேரம் உறுதிப்படுத்தப்படுகிறது.,tamil,True,tamil
"ஆர்டர் நிலை புதியது, தயாரிக்கப்படுகிறது அல்லது அனுப்பப்பட்டுள்ளது.",tamil,True,tamil
பொருள் கிடைக்காத நிலையில் மாற்றம் அல்லது பணம் மீட்ப்பு வழங்கப்படும்.,tamil,True,tamil
திருப்பிச் செல்ல வேண்டுமானால் வழிமுறைகளைச் சொல்லுங்கள்.,tamil,True,tamil
வழங்கப்படும் தேதி நினைவூட்டல் வரும்.,tamil,True,tamil
விலை மாற்றம் ஏற்பட்டால் உடனடியாகத் தெரிவிக்கப்படும்.,tamil,True,tamil
உரிமை மற்றும் விலை ஒப்பந்தங்களை விளக்குகிறோம்.,tamil,True,tamil
புகார் பதிவுக்கு தேவையான விவரங்களை கொடுங்கள்.,tamil,True,tamil
புகார் சமர்ப்பிப்புக்கு பதில் 24 மணி நேரத்தில் இருக்கும்.,tamil,True,tamil
புகாரை தீர்வு வழங்குகிறோம்.,tamil,True,tamil
ஆர்டர் விவரங்கள் கீழே தெளிவாக காட்டப்படுகின்றன.,tamil,True,tamil
விலை பட்டியல் மொத்தம் ரூபாய் 2500.,tamil,True,tamil
சலுகை மற்றும் சிறப்பு குறைக்கப்பட்ட விலை உள்ளது.,tamil,True,tamil
புதிய ஆர்டர் உருவாக்கப்பட்டுவிட்டது; விவரங்களை உறுதிப்படுத்துங்கள்.,tamil,True,tamil
உறுதிப்பத்திரம் அனுப்பப்பட்டுள்ளது.,tamil,True,tamil
தேதி மாற்றம் வேண்டுமானால் எப்போது என்பதை கூறுங்கள்.,tamil,True,tamil
வழங்கும் இடம் மாற்றம் வேண்டுமானா?,tamil,True,tamil
பொருட்கள் நிலுவையில் இருப்பதால் சேர்க்கப்படும்.,tamil,True,tamil
புரோமொஷன் மற்றும் சிறப்பு கொடுப்பனைகள் காணப்படுகின்றன.,tamil,True,tamil
உங்கள் தேவைகளைத் தீர்வளிக்கின்றோம்.,tamil,True,tamil
திரும்ப பெறுகை பற்றிய வழிமுறைகள் தெரிந்துகொள்ளவும்.,tamil,True,tamil
பொருள் பரிந்துரைகள் கீழே காட்டப்பட்டுள்ளது.,tamil,True,tamil
இன்றே வழங்கப்படும் சேவையின் மையம் பற்றி தகவல் தருகிறேன்.,tamil,True,tamil
நீங்கள் வழங்கிய தகவல்கள் சரியானவையாக உள்ளனவா?,tamil,True,tamil
விதிமுறைகளை மீறாமல் செயல்படுகிறோம்.,tamil,True,tamil
புகார் தீர்வை உடனடியாக பார்க்கிறோம்.,tamil,True,tamil
வாங்கிய பொருட்கள் பட்டியல் தெளிவாக காட்டப்படுகிறது.,tamil,True,tamil
ஒரே நேரத்தில் இரண்டு ஆர்டர்களையும் உருவாக்குவது சாத்தியமா?,tamil,True,tamil
உங்கள் மேலதிக உதவிக்காக நன்றி!,tamil,True,tamil
விலை மற்றும் சேவை குறைபாடுகளை விளக்குகிறேன்.,tamil,True,tamil
தொடர்பு எண் மாற்றம் தேவையா?,tamil,True,tamil
வழங்கும் நிலை அறிக்கைகள் முன்னேறிக் காண்பிக்கப்படுகின்றன.,tamil,True,tamil
தாமதம் ஏற்பட்டால் தகவல் உடனடி வழங்கப்படும்.,tamil,True,tamil
வாடிக்கையாளர் ஆதரவு எண் 1800-000-000.,tamil,True,tamil
நன்றி! உங்கள் விவரங்களை சேமித்து உதவிக்கு தயார் இருக்கிறோம்.,tamil,True,tamil
